"Date","Price","Return"
2016-01-04,8599,0
2016-01-05,8560.7,-0.004463955
2016-01-06,9174.9,0.069289532
2016-01-07,9405.2,0.024791233
2016-01-08,9328.4,-0.008199217
2016-01-11,8829.4,-0.054976448
2016-01-12,8944.5,0.012951756
2016-01-13,8982.9,0.004283952
2016-01-14,8829.4,-0.017235708
2016-01-15,8829.4,0
2016-01-18,8637.4,-0.021985451
2016-01-19,8714.2,0.008852267
2016-01-20,8675.8,-0.004416338
2016-01-21,9021.3,0.039050907
2016-01-22,9405.2,0.04167428
2016-01-25,9981,0.059420558
2016-01-26,9789.1,-0.019413764
2016-01-27,9827.5,0.003915057
2016-01-28,9520.4,-0.031747714
2016-01-29,9366.8,-0.016265342
2016-02-01,9136.5,-0.024894142
2016-02-02,9098.1,-0.004211779
2016-02-03,9021.3,-0.008477153
2016-02-04,9059.7,0.004247559
2016-02-05,9290,0.025102546
2016-02-15,9059.7,-0.025102546
2016-02-16,9251.7,0.020971311
2016-02-17,9405.2,0.016455409
2016-02-18,9750.7,0.036076349
2016-02-19,9443.6,-0.032001814
2016-02-22,9405.2,-0.004074536
2016-02-23,9251.7,-0.016455409
2016-02-24,9328.4,0.008256192
2016-02-25,9136.5,-0.02078613
2016-02-26,9213.3,0.008370712
2016-02-29,9174.9,-0.004176598
2016-03-01,9290,0.012467058
2016-03-02,9482,0.020456712
2016-03-03,9520.4,0.0040416
2016-03-04,9328.4,-0.020373354
2016-03-07,8906.2,-0.046315847
2016-03-08,8944.5,0.004291155
2016-03-09,9059.7,0.012797189
2016-03-10,9213.3,0.016812085
2016-03-11,9098.1,-0.012582492
2016-03-14,9174.9,0.008405894
2016-03-15,9213.3,0.004176598
2016-03-16,9136.5,-0.008370712
2016-03-17,9328.4,0.02078613
2016-03-18,9290,-0.004124958
2016-03-21,9290,0
2016-03-22,9482,0.020456712
2016-03-23,10019.4,0.055127949
2016-03-24,10173,0.015213938
2016-03-25,9942.6,-0.022908596
2016-03-28,10249.8,0.030429637
2016-03-29,10326.5,0.007455214
2016-03-30,10057.8,-0.026364954
2016-03-31,9789.1,-0.027078931
2016-04-01,9443.6,-0.035932258
2016-04-04,9328.4,-0.012273753
2016-04-05,9520.4,0.020373354
2016-04-06,9760.4,0.024896518
2016-04-07,9840.4,0.008162977
2016-04-08,9760.4,-0.008162977
2016-04-11,9680.4,-0.00823016
2016-04-12,9720.4,0.004123547
2016-04-13,9480.4,-0.02500026
2016-04-14,9560.4,0.008403058
2016-04-15,9560.4,0
2016-04-19,9360.4,-0.021141543
2016-04-20,9360.4,0
2016-04-21,9320.4,-0.004282478
2016-04-22,9320.4,0
2016-04-25,9320.4,0
2016-04-26,9240.4,-0.008620371
2016-04-27,9360.4,0.01290285
2016-04-28,9680.4,0.033615198
2016-04-29,9680.4,0
2016-05-04,9520.4,-0.016666358
2016-05-05,9440.4,-0.008438513
2016-05-06,9400.4,-0.004246111
2016-05-09,9320.4,-0.008546695
2016-05-10,9320.4,0
2016-05-11,9400.4,0.008546695
2016-05-12,9360.4,-0.004264217
2016-05-13,9280.4,-0.008583375
2016-05-16,9320.4,0.004300897
2016-05-17,9320.4,0
2016-05-18,9320.4,0
2016-05-19,9280.4,-0.004300897
2016-05-20,9280.4,0
2016-05-23,9200.4,-0.008657688
2016-05-24,9160.4,-0.004357116
2016-05-25,9240.4,0.008695329
2016-05-26,9240.4,0
2016-05-27,9120.4,-0.013071512
2016-05-30,9120.4,0
2016-05-31,9360.4,0.025974362
2016-06-01,9480.4,0.012738485
2016-06-02,9760.4,0.029106874
2016-06-03,9840.4,0.008162977
2016-06-06,9680.4,-0.016393138
2016-06-07,9720.4,0.004123547
2016-06-08,9920.4,0.020366473
2016-06-09,9800.4,-0.012170042
2016-06-10,9800.4,0
2016-06-13,9600.4,-0.020618437
2016-06-14,9840.4,0.024691596
2016-06-15,10360.4,0.051494485
2016-06-16,10320.4,-0.003868327
2016-06-17,10120.4,-0.01956933
2016-06-20,10080.4,-0.003960244
2016-06-21,9720.4,-0.036366175
2016-06-22,9840.4,0.012269591
2016-06-23,10080.4,0.024096584
2016-06-24,9720.4,-0.036366175
2016-06-27,9640.4,-0.008264168
2016-06-28,9600.4,-0.004157837
2016-06-29,9760.4,0.016528619
2016-06-30,9800.4,0.004089818
2016-07-01,9800.4,0
2016-07-04,9840.4,0.004073159
2016-07-05,9640.4,-0.020533759
2016-07-06,9600.4,-0.004157837
2016-07-07,9880.4,0.028748232
2016-07-08,9960.4,0.008064235
2016-07-11,9680.4,-0.028514009
2016-07-12,9760.4,0.00823016
2016-07-13,9880.4,0.012219614
2016-07-14,9760.4,-0.012219614
2016-07-15,9680.4,-0.00823016
2016-07-18,9760.4,0.00823016
2016-07-19,9600.4,-0.016528619
2016-07-20,9520.4,-0.0083679
2016-07-21,9320.4,-0.021231318
2016-07-22,9400.4,0.008546695
2016-07-25,9760.4,0.037581142
2016-07-26,9680.4,-0.00823016
2016-07-27,9720.4,0.004123547
2016-07-28,9880.4,0.016326227
2016-07-29,9800.4,-0.008129796
2016-08-01,9760.4,-0.004089818
2016-08-02,9520.4,-0.024896518
2016-08-03,9520.4,0
2016-08-04,9440.4,-0.008438513
2016-08-05,9200.4,-0.025751391
2016-08-08,8600.3,-0.067449875
2016-08-09,9080.4,0.054321158
2016-08-10,9360.4,0.03036978
2016-08-11,9200.4,-0.017241063
2016-08-12,9280.4,0.008657688
2016-08-15,8920.4,-0.039563861
2016-08-16,9040.4,0.013362633
2016-08-17,9000.4,-0.0044344
2016-08-18,8960.4,-0.004454152
2016-08-19,8800.3,-0.018029057
2016-08-22,8600.3,-0.022988725
2016-08-23,8720.3,0.013856555
2016-08-24,8680.3,-0.004597551
2016-08-25,8680.3,0
2016-08-26,8720.3,0.004597551
2016-08-29,8680.3,-0.004597551
2016-08-30,8680.3,0
2016-08-31,9200.4,0.058190871
2016-09-01,9120.4,-0.008733299
2016-09-05,9000.4,-0.013244642
2016-09-06,8880.4,-0.01342242
2016-09-07,8880.4,0
2016-09-08,8840.4,-0.004514477
2016-09-09,8800.3,-0.004546313
2016-09-12,8640.3,-0.018348507
2016-09-13,8560.3,-0.009302068
2016-09-14,8360.3,-0.023640925
2016-09-15,8360.3,0
2016-09-16,8200.3,-0.019323573
2016-09-19,8360.3,0.019323573
2016-09-20,8400.3,0.004773108
2016-09-21,8400.3,0
2016-09-22,8600.3,0.023529667
2016-09-23,8720.3,0.013856555
2016-09-26,8640.3,-0.009216337
2016-09-27,8640.3,0
2016-09-28,8680.3,0.004618786
2016-09-29,8720.3,0.004597551
2016-09-30,8800.3,0.009132171
2016-10-03,8840.4,0.004546313
2016-10-04,8800.3,-0.004546313
2016-10-05,8800.3,0
2016-10-06,8840.4,0.004546313
2016-10-07,8800.3,-0.004546313
2016-10-10,8760.3,-0.004555661
2016-10-11,8840.4,0.009101974
2016-10-12,8920.4,0.009008664
2016-10-13,9040.4,0.013362633
2016-10-14,9080.4,0.004414823
2016-10-17,9040.4,-0.004414823
2016-10-18,9040.4,0
2016-10-19,9040.4,0
2016-10-20,9040.4,0
2016-10-21,8960.4,-0.008888552
2016-10-24,9074.5,0.012653413
2016-10-25,9117.3,0.004705425
2016-10-26,9117.3,0
2016-10-27,9160.1,0.004683388
2016-10-28,9031.7,-0.014116485
2016-10-31,9117.3,0.009433097
2016-11-01,9117.3,0
2016-11-02,8946.1,-0.018956024
2016-11-03,8817.7,-0.014456618
2016-11-04,8603.7,-0.024568722
2016-11-07,8774.9,0.01970303
2016-11-08,9074.5,0.033572909
2016-11-09,8774.9,-0.033572909
2016-11-10,8988.9,0.02409511
2016-11-11,8860.5,-0.014387286
2016-11-14,8988.9,0.014387286
2016-11-15,8860.5,-0.014387286
2016-11-16,8774.9,-0.009707823
2016-11-17,8732.1,-0.004889483
2016-11-18,8646.5,-0.009851276
2016-11-21,8646.5,0
2016-11-22,8732.1,0.009851276
2016-11-23,8646.5,-0.009851276
2016-11-24,8689.3,0.004937769
2016-11-25,8732.1,0.004913507
2016-11-28,8689.3,-0.004913507
2016-11-29,8774.9,0.00980299
2016-11-30,8646.5,-0.014740758
2016-12-01,8560.8,-0.009960971
2016-12-02,8560.8,0
2016-12-05,8560.8,0
2016-12-06,8432.4,-0.015112215
2016-12-07,8346.8,-0.010203197
2016-12-08,8389.6,0.005114612
2016-12-09,8389.6,0
2016-12-12,8346.8,-0.005114612
2016-12-13,8346.8,0
2016-12-14,8304,-0.005140905
2016-12-15,8304,0
2016-12-16,8304,0
2016-12-19,8346.8,0.005140905
2016-12-20,8432.4,0.010203197
2016-12-21,8518,0.010100142
2016-12-22,8432.4,-0.010100142
2016-12-23,8389.6,-0.005088585
2016-12-26,8346.8,-0.005114612
2016-12-27,8475.2,0.01526602
2016-12-28,8518,0.00503732
2016-12-29,8689.3,0.019910812
2016-12-30,8817.7,0.014668681
2017-01-03,8860.5,0.004842131
2017-01-04,8946.1,0.009614487
2017-01-05,8946.1,0
2017-01-06,8860.5,-0.009614487
2017-01-09,8988.9,0.014387286
2017-01-10,8946.1,-0.0047728
2017-01-11,8946.1,0
2017-01-12,8988.9,0.0047728
2017-01-13,8988.9,0
2017-01-16,8817.7,-0.019229418
2017-01-17,8560.8,-0.029567421
2017-01-18,8860.5,0.034409553
2017-01-19,8689.3,-0.019510813
2017-01-20,8603.7,-0.00990004
2017-01-23,8689.3,0.00990004
2017-01-24,8817.7,0.014668681
2017-01-25,8988.9,0.019229418
2017-02-02,8946.1,-0.0047728
2017-02-03,8774.9,-0.01932231
2017-02-06,8518,-0.029713802
2017-02-07,8603.7,0.010010772
2017-02-08,8560.8,-0.0049987
2017-02-09,8560.8,0
2017-02-10,8646.5,0.009960971
2017-02-13,8817.7,0.01960645
2017-02-14,8689.3,-0.014668681
2017-02-15,8560.8,-0.01489874
2017-02-16,8560.8,0
2017-02-17,8518,-0.005012072
2017-02-20,8560.8,0.005012072
2017-02-21,8560.8,0
2017-02-22,8560.8,0
2017-02-23,8389.6,-0.0202008
2017-02-24,8304,-0.010255517
2017-02-27,8518,0.025444245
2017-02-28,8518,0
2017-03-01,8560.8,0.005012072
2017-03-02,8646.5,0.009960971
2017-03-03,8646.5,0
2017-03-06,9459.7,0.089886055
2017-03-07,9331.3,-0.013666329
2017-03-08,9202.9,-0.013855689
2017-03-09,9288.5,0.009258424
2017-03-10,9288.5,0
2017-03-13,9202.9,-0.009258424
2017-03-14,8603.7,-0.067326308
2017-03-15,9074.5,0.053275939
2017-03-16,9245.7,0.018690296
2017-03-17,9374.1,0.013791989
2017-03-20,9245.7,-0.013791989
2017-03-21,9117.3,-0.013984871
2017-03-22,9031.7,-0.009433097
2017-03-23,9031.7,0
2017-03-24,9117.3,0.009433097
2017-03-27,9160.1,0.004683388
2017-03-28,9074.5,-0.009388813
2017-03-29,9031.7,-0.004727671
2017-03-30,9117.3,0.009433097
2017-03-31,9117.3,0
2017-04-03,9160.1,0.004683388
2017-04-04,9031.7,-0.014116485
2017-04-05,9117.3,0.009433097
2017-04-07,9074.5,-0.004705425
2017-04-10,9074.5,0
2017-04-11,9074.5,0
2017-04-12,9245.7,0.018690296
2017-04-13,9288.5,0.004618497
2017-04-14,9117.3,-0.018603368
2017-04-17,9288.5,0.018603368
2017-04-18,9331.3,0.004597265
2017-04-19,9502.5,0.018180581
2017-04-20,9588.1,0.008967824
2017-04-21,9545.3,-0.004473859
2017-04-24,9588.1,0.004473859
2017-04-25,9545.3,-0.004473859
2017-04-26,9545.3,0
2017-04-27,9588.1,0.004473859
2017-04-28,9545.3,-0.004473859
2017-05-03,9502.5,-0.004493965
2017-05-04,9631,0.013432141
2017-05-05,10101.8,0.047726563
2017-05-08,10059,-0.00424587
2017-05-09,10187.4,0.012683906
2017-05-10,9887.8,-0.029849989
2017-05-11,10101.8,0.021411952
2017-05-12,9973.4,-0.012792077
2017-05-15,9930.6,-0.00430065
2017-05-16,9973.4,0.00430065
2017-05-17,9845,-0.012957837
2017-05-18,9845,0
2017-05-19,10337.2,0.048785327
2017-05-22,10426.7,0.008620785
2017-05-23,10561,0.012798147
2017-05-24,10203,-0.034486176
2017-05-25,10203,0
2017-05-26,10158.2,-0.004400534
2017-05-29,10068.7,-0.008849659
2017-05-30,10024,-0.004449384
2017-05-31,9979.2,-0.004479291
2017-06-01,9889.7,-0.009009115
2017-06-02,9889.7,0
2017-06-05,9934.5,0.004519736
2017-06-06,10158.2,0.022267713
2017-06-07,10024,-0.013299044
2017-06-08,9979.2,-0.004479291
2017-06-09,10068.7,0.008928675
2017-06-12,10024,-0.004449384
2017-06-13,10024,0
2017-06-14,10024,0
2017-06-15,10068.7,0.004449384
2017-06-16,10024,-0.004449384
2017-06-19,9979.2,-0.004479291
2017-06-20,9934.5,-0.004489379
2017-06-21,10024,0.00896867
2017-06-22,10158.2,0.013299044
2017-06-23,10203,0.004400534
2017-06-26,10292.5,0.00873368
2017-06-27,10471.5,0.017241806
2017-06-28,10337.2,-0.012908242
2017-06-29,10516.2,0.017167886
2017-06-30,10471.5,-0.004259644
2017-07-03,10426.7,-0.004287457
2017-07-04,10652.7,0.021443557
2017-07-05,10498.3,-0.014600042
2017-07-06,10446.9,-0.004908056
2017-07-07,10498.3,0.004908056
2017-07-10,10241,-0.024814068
2017-07-11,10138.1,-0.010098667
2017-07-12,10292.5,0.015114871
2017-07-13,10189.5,-0.010057696
2017-07-14,10189.5,0
2017-07-17,10086.6,-0.010149968
2017-07-18,9983.7,-0.010254047
2017-07-19,9932.2,-0.005171759
2017-07-20,9983.7,0.005171759
2017-07-21,9983.7,0
2017-07-24,9777.9,-0.020829026
2017-07-25,9932.2,0.015657267
2017-07-26,9932.2,0
2017-07-27,9932.2,0
2017-07-28,9932.2,0
2017-07-31,9983.7,0.005171759
2017-08-01,9932.2,-0.005171759
2017-08-02,9880.8,-0.005188524
2017-08-03,9880.8,0
2017-08-04,9932.2,0.005188524
2017-08-07,9932.2,0
2017-08-08,9829.3,-0.010414283
2017-08-09,9777.9,-0.005242984
2017-08-10,9829.3,0.005242984
2017-08-11,9777.9,-0.005242984
2017-08-14,9726.4,-0.005280899
2017-08-15,9777.9,0.005280899
2017-08-16,9726.4,-0.005280899
2017-08-17,9674.9,-0.005308935
2017-08-18,9777.9,0.010589834
2017-08-21,9726.4,-0.005280899
2017-08-22,9726.4,0
2017-08-23,9777.9,0.005280899
2017-08-24,9726.4,-0.005280899
2017-08-25,9674.9,-0.005308935
2017-08-28,10138.1,0.046765701
2017-08-29,10138.1,0
2017-08-30,10086.6,-0.005092794
2017-08-31,9983.7,-0.010254047
2017-09-01,9983.7,0
2017-09-05,9932.2,-0.005171759
2017-09-06,10035.2,0.010316908
2017-09-07,10189.5,0.015258866
2017-09-08,10395.4,0.020005622
2017-09-11,10601.2,0.019603802
2017-09-12,11115.9,0.047409314
2017-09-13,10910,-0.018696716
2017-09-14,10652.7,-0.023866419
2017-09-15,10755.6,0.009613168
2017-09-18,10807.1,0.004776776
2017-09-19,11167.3,0.032786539
2017-09-20,11630.5,0.040641093
2017-09-21,11836.3,0.017540123
2017-09-22,11990.7,0.012960269
2017-09-25,11733.4,-0.021691874
2017-09-26,11527.6,-0.017695316
2017-09-27,11321.7,-0.018022922
2017-09-28,11270.3,-0.004550291
2017-09-29,11218.8,-0.004580005
2017-10-02,11682,0.040458253
2017-10-03,11733.4,0.00439028
2017-10-04,11784.9,0.004379575
2017-10-05,11733.4,-0.004379575
2017-10-06,11630.5,-0.008808518
2017-10-09,11682,0.004418238
2017-10-10,11784.9,0.008769855
2017-10-11,11836.3,0.00435203
2017-10-12,11836.3,0
2017-10-13,11836.3,0
2017-10-16,11784.9,-0.00435203
2017-10-17,11682,-0.008769855
2017-10-18,11630.5,-0.004418238
2017-10-19,11579,-0.004437845
2017-10-20,11424.6,-0.013424187
2017-10-23,11167.3,-0.02277906
2017-10-24,11476.1,0.027276747
2017-10-25,11424.6,-0.004497687
2017-10-26,11218.8,-0.018177983
2017-10-27,11476.1,0.022675669
2017-10-30,11321.7,-0.013545374
2017-10-31,11218.8,-0.009130296
2017-11-01,11115.9,-0.009214427
2017-11-02,11012.9,-0.009309203
2017-11-03,10807.1,-0.018863987
2017-11-06,11064.4,0.023529421
2017-11-07,11218.8,0.013858196
2017-11-08,10807.1,-0.037387617
2017-11-09,10549.8,-0.024096423
2017-11-10,10858.6,0.02885049
2017-11-13,10704.2,-0.014321205
2017-11-14,10755.6,0.004790361
2017-11-15,10910,0.014253251
2017-11-16,11115.9,0.018696716
2017-11-17,11064.4,-0.004643769
2017-11-20,11218.8,0.013858196
2017-11-21,11682,0.040458253
2017-11-22,11784.9,0.008769855
2017-11-23,11784.9,0
2017-11-24,11682,-0.008769855
2017-11-27,11836.3,0.013121885
2017-11-28,11887.8,0.004341584
2017-11-29,12145.1,0.021413132
2017-11-30,12402.4,0.020964206
2017-12-01,12917.1,0.040662013
2017-12-04,13020,0.007934622
2017-12-05,12711.2,-0.024003142
2017-12-06,12351,-0.028746463
2017-12-07,12505.4,0.01242352
2017-12-08,12453.9,-0.004126724
2017-12-11,12402.4,-0.004143825
2017-12-12,12351,-0.004152971
2017-12-13,12196.6,-0.012579807
2017-12-14,12299.5,0.008401387
2017-12-15,12505.4,0.01660194
2017-12-18,12556.8,0.0041018
2017-12-19,12711.2,0.012221143
2017-12-20,13328.8,0.047443613
2017-12-21,13225.8,-0.00775764
2017-12-22,13020,-0.015682831
2017-12-25,12711.2,-0.024003142
2017-12-26,12608.3,-0.008128167
2017-12-27,12402.4,-0.016465325
2017-12-28,12659.7,0.020533717
2017-12-29,12917.1,0.020128295
2018-01-02,13328.8,0.031375093
2018-01-03,13894.8,0.041587562
2018-01-04,14563.9,0.047031195
2018-01-05,14203.6,-0.02505041
2018-01-08,14152.2,-0.003625365
2018-01-09,14512.4,0.025133367
2018-01-10,15593.1,0.071825052
2018-01-11,15798.9,0.013111809
2018-01-12,16365,0.035204591
2018-01-18,15490.2,-0.054937342
2018-01-19,16570.9,0.067440579
2018-01-22,17728.8,0.067542291
2018-01-25,17445.7,-0.016097236
2018-01-26,16725.3,-0.042170657
2018-01-29,16107.7,-0.037625125
2018-01-30,15696,-0.025891516
2018-01-31,16313.6,0.038593213
2018-02-01,15747.5,-0.035317493
2018-02-02,15670.3,-0.004914421
2018-02-05,14589.6,-0.071458255
2018-02-06,14589.6,0
2018-02-07,15078.5,0.032960942
2018-02-08,14975.5,-0.006854356
2018-02-09,15541.6,0.037104767
2018-02-12,15696,0.009885603
2018-02-13,15953.3,0.016259802
2018-02-21,16210.6,0.015999645
2018-02-22,16159.2,-0.003175802
2018-02-23,16262.1,0.0063477
2018-02-26,16468,0.012581857
2018-02-27,16416.5,-0.003132177
2018-02-28,16287.8,-0.007870565
2018-03-01,16673.8,0.023422264
2018-03-02,17754.5,0.06280038
2018-03-05,17445.7,-0.017545805
2018-03-06,18217.7,0.043300449
2018-03-07,18269.1,0.002817459
2018-03-08,18320.6,0.002815002
2018-03-09,18475,0.008392357
2018-03-12,18475,0
2018-03-13,18140.5,-0.018271459
2018-03-14,17883.2,-0.014285283
2018-03-15,18526.5,0.035340415
2018-03-16,18423.5,-0.005575116
2018-03-19,18294.9,-0.007004691
2018-03-20,18011.8,-0.015595234
2018-03-21,18063.3,0.002855157
2018-03-22,17806,-0.014346776
2018-03-23,18011.8,0.01149162
2018-03-26,18011.8,0
2018-03-27,17934.6,-0.004295291
2018-03-28,18011.8,0.004295291
2018-03-29,18089,0.00427692
2018-03-30,18655.1,0.030815548
2018-04-02,18912.4,0.013698224
2018-04-03,18989.6,0.004073669
2018-04-04,19915.9,0.047626947
2018-04-05,20327.6,0.020461161
2018-04-06,20276.2,-0.002531784
2018-04-09,20456.3,0.008843119
2018-04-10,19813,-0.031952616
2018-04-11,19041.1,-0.039738487
2018-04-12,19427,0.02006405
2018-04-13,19555.7,0.006602953
2018-04-16,19941.7,0.019546213
2018-04-17,20121.8,0.008990788
2018-04-18,19967.4,-0.007702861
2018-04-19,19195.5,-0.039425067
2018-04-20,19710.1,0.026455318
2018-04-23,19144,-0.029141844
2018-04-24,19041.1,-0.00538955
2018-04-26,18320.6,-0.038573691
2018-04-27,18938.2,0.033154936
2018-05-02,18938.2,0
2018-05-03,18886.7,-0.002723076
2018-05-04,18114.8,-0.041728687
2018-05-07,18423.5,0.01689774
2018-05-08,18372.1,-0.002793814
2018-05-09,18011.8,-0.019806111
2018-05-10,17754.5,-0.014388094
2018-05-11,18526.5,0.042563135
2018-05-14,18577.9,0.002770563
2018-05-15,18629.4,0.002768276
2018-05-16,18243.4,-0.020937607
2018-05-17,18191.9,-0.002826931
2018-05-18,18526.5,0.018225699
2018-05-21,18372.1,-0.00836893
2018-05-22,17703.1,-0.037093444
2018-05-23,17703.1,0
2018-05-24,17651.6,-0.002913335
2018-05-25,16468,-0.069407327
2018-05-28,15335.8,-0.071229139
2018-05-29,16082,0.04751067
2018-05-30,15798.9,-0.017760317
2018-05-31,16828.2,0.063115733
2018-06-01,16776.7,-0.003065032
2018-06-04,17600.1,0.047913565
2018-06-05,17728.8,0.007285852
2018-06-06,17728.8,0
2018-06-07,17497.2,-0.013149568
2018-06-08,17497.2,0
2018-06-11,17291.4,-0.0118316
2018-06-12,17445.7,0.008883932
2018-06-13,17445.7,0
2018-06-14,17137,-0.017853331
2018-06-15,16879.7,-0.015128152
2018-06-18,16416.5,-0.02782479
2018-06-19,16159.2,-0.01579738
2018-06-20,16468,0.018929557
2018-06-21,16622.3,0.009326063
2018-06-22,16982.6,0.021444123
2018-06-25,16776.7,-0.012198271
2018-06-26,16468,-0.018571915
2018-06-27,16468,0
2018-06-28,16468,0
2018-06-29,17291.4,0.048790164
2018-07-02,16519.4,-0.04567382
2018-07-03,15798.9,-0.04459513
2018-07-04,15953.3,0.009725387
2018-07-05,15438.7,-0.03278836
2018-07-06,15953.3,0.03278836
2018-07-09,15953.3,0
2018-07-10,15798.9,-0.009725387
2018-07-11,15696,-0.006534415
2018-07-12,15747.5,0.00327572
2018-07-13,16107.7,0.022615796
2018-07-16,16107.7,0
2018-07-17,16365,0.015847489
2018-07-18,16313.6,-0.003145792
2018-07-19,16468,0.009419988
2018-07-20,16313.6,-0.009419988
2018-07-23,16313.6,0
2018-07-24,16468,0.009419988
2018-07-25,16931.1,0.027733064
2018-07-26,17497.2,0.032888701
2018-07-27,17703.1,0.011698897
2018-07-30,17497.2,-0.011698897
2018-07-31,17445.7,-0.002947668
2018-08-01,17497.2,0.002947668
2018-08-02,17497.2,0
2018-08-03,18217.7,0.040352781
2018-08-06,18423.5,0.011233375
2018-08-07,18217.7,-0.011233375
2018-08-08,18269.1,0.002817459
2018-08-09,18166.2,-0.005648383
2018-08-10,18217.7,0.002830924
2018-08-13,18732.3,0.027855658
2018-08-14,18655.1,-0.004129739
2018-08-15,17600.1,-0.058214983
2018-08-16,18130.3,0.029679988
2018-08-17,19148.1,0.054618922
2018-08-20,19466.2,0.016476134
2018-08-21,19243.5,-0.011506287
2018-08-22,18766.4,-0.025105305
2018-08-23,18957.3,0.010121045
2018-08-24,19402.6,0.023217996
2018-08-27,19052.7,-0.018198254
2018-08-28,18607.4,-0.023649473
2018-08-29,18512,-0.005140181
2018-08-30,18448.3,-0.003446945
2018-08-31,18448.3,0
2018-09-04,17875.8,-0.031524382
2018-09-05,17557.7,-0.017955243
2018-09-06,17398.7,-0.009097109
2018-09-07,17716.8,0.018117851
2018-09-10,18321.1,0.033540059
2018-09-11,18575.6,0.01379549
2018-09-12,18448.3,-0.006876666
2018-09-13,18384.7,-0.003453428
2018-09-14,18193.9,-0.010432424
2018-09-17,18162.1,-0.001749368
2018-09-18,18384.7,0.012181792
2018-09-19,18448.3,0.003453428
2018-09-20,18130.3,-0.017387654
2018-09-21,17685,-0.024867749
2018-09-24,17748.6,0.003589817
2018-09-25,17748.6,0
2018-09-26,17875.8,0.007141203
2018-09-27,18448.3,0.031524382
2018-09-28,18289.3,-0.008656036
2018-10-01,18193.9,-0.005229816
2018-10-02,18098.5,-0.005257311
2018-10-03,18098.5,0
2018-10-04,18766.4,0.036238975
2018-10-05,18639.2,-0.006801147
2018-10-08,18448.3,-0.010294665
2018-10-09,17971.2,-0.026201749
2018-10-10,18098.5,0.007058585
2018-10-11,16858,-0.07100374
2018-10-12,17430.5,0.033396224
2018-10-15,17048.8,-0.022141725
2018-10-16,17207.8,0.009282949
2018-10-17,17303.3,0.005534465
2018-10-18,16985.2,-0.018554858
2018-10-19,17048.8,0.003737443
2018-10-22,16985.2,-0.003737443
2018-10-23,16539.9,-0.026566733
2018-10-24,16221.8,-0.019419627
2018-10-25,15840.1,-0.023811317
2018-10-26,15585.7,-0.016190872
2018-10-29,15585.7,0
2018-10-30,15585.7,0
2018-10-31,16221.8,0.040002189
2018-11-01,16667.1,0.0270807
2018-11-02,16794.4,0.007608781
2018-11-05,16539.9,-0.015269854
2018-11-06,16412.7,-0.007720218
2018-11-07,16412.7,0
2018-11-08,16539.9,0.007720218
2018-11-09,16412.7,-0.007720218
2018-11-12,16476.3,0.003867559
2018-11-13,16349,-0.007756251
2018-11-14,16221.8,-0.007810717
2018-11-15,15776.5,-0.027834526
2018-11-16,15903.7,0.008030295
2018-11-19,16062.8,0.009954253
2018-11-20,16285.4,0.013762961
2018-11-21,16603.5,0.019344516
2018-11-22,16539.9,-0.003837873
2018-11-23,16285.4,-0.015506643
2018-11-26,16285.4,0
2018-11-27,16285.4,0
2018-11-28,16285.4,0
2018-11-29,16221.8,-0.003912984
2018-11-30,16094.6,-0.007872205
2018-12-03,16221.8,0.007872205
2018-12-04,16317.2,0.00586375
2018-12-05,16571.7,0.015476655
2018-12-06,16349,-0.013529688
2018-12-07,16349,0
2018-12-10,16126.4,-0.013709053
2018-12-11,16094.6,-0.001973869
2018-12-12,16190,0.005909956
2018-12-13,16190,0
2018-12-14,15999.2,-0.011855047
2018-12-17,16031,0.001985627
2018-12-18,15712.9,-0.020042317
2018-12-19,14885.9,-0.054067575
2018-12-20,14885.9,0
2018-12-21,14885.9,0
2018-12-24,14313.4,-0.039218295
2018-12-25,14949.5,0.043481693
2018-12-26,14440.6,-0.034634171
2018-12-27,14440.6,0
2018-12-28,14090.7,-0.024528679
2019-01-02,13899.9,-0.013633359
2019-01-03,12945.6,-0.071125684
2019-01-04,13200.1,0.019468443
2019-01-07,13422.8,0.016730348
2019-01-08,13359.1,-0.004756953
2019-01-09,13518.2,0.011839125
2019-01-10,13740.8,0.016332584
2019-01-11,13899.9,0.011512137
2019-01-14,13772.6,-0.009200535
2019-01-15,13804.4,0.002306271
2019-01-16,13772.6,-0.002306271
2019-01-17,13740.8,-0.002311602
2019-01-18,13740.8,0
2019-01-21,13804.4,0.004617873
2019-01-22,13677.2,-0.009257169
2019-01-23,13677.2,0
2019-01-24,13931.7,0.018436606
2019-01-25,13899.9,-0.002285173
2019-01-28,13836.3,-0.004586072
2019-01-29,13836.3,0
2019-01-30,13677.2,-0.011565361
2019-01-31,13740.8,0.004639296
2019-02-01,13931.7,0.01379731
2019-02-11,14090.7,0.011348186
2019-02-12,14377,0.020114702
2019-02-13,14599.6,0.015364424
2019-02-14,14631.4,0.002175773
2019-02-15,14631.4,0
2019-02-18,15108.6,0.032094214
2019-02-19,15044.9,-0.004225055
2019-02-20,15108.6,0.004225055
2019-02-21,15013.1,-0.006340965
2019-02-22,15044.9,0.00211591
2019-02-25,15172.2,0.008425743
2019-02-26,15712.9,0.035017225
2019-02-27,16031,0.020042317
2019-02-28,15681.1,-0.022068182
2019-03-01,15712.9,0.002025866
2019-03-04,15458.4,-0.016329486
2019-03-05,15267.6,-0.012419609
2019-03-06,15331.2,0.004157032
2019-03-07,15204,-0.008331417
2019-03-08,14854.1,-0.02328263
2019-03-11,14695.1,-0.010761817
2019-03-12,14981.3,0.019288652
2019-03-13,14917.7,-0.004254329
2019-03-14,15076.7,0.010602078
2019-03-15,14917.7,-0.010602078
2019-03-18,14949.5,0.002129427
2019-03-19,14822.3,-0.008545051
2019-03-20,14822.3,0
2019-03-21,14504.2,-0.021694541
2019-03-22,14504.2,0
2019-03-25,14313.4,-0.013242101
2019-03-26,14408.8,0.00664297
2019-03-27,14567.8,0.010974483
2019-03-28,14631.4,0.004356291
2019-03-29,14695.1,0.004344201
2019-04-01,14631.4,-0.004344201
2019-04-02,14663.3,0.002177869
2019-04-03,14695.1,0.002166331
2019-04-04,14726.9,0.002161649
2019-04-05,15140.4,0.027690914
2019-04-08,15076.7,-0.004216162
2019-04-09,14917.7,-0.010602078
2019-04-10,14440.6,-0.032504744
2019-04-11,14377,-0.004413976
2019-04-12,14345.2,-0.002214316
2019-04-16,14313.4,-0.00221923
2019-04-17,14122.5,-0.013426891
2019-04-18,13995.3,-0.009047711
2019-04-19,14186.1,0.013541053
2019-04-22,14186.1,0
2019-04-23,14186.1,0
2019-04-24,14186.1,0
2019-04-25,14186.1,0
2019-04-26,14186.1,0
2019-05-02,14186.1,0
2019-05-03,14313.4,0.008933549
2019-05-06,14440.6,0.008847522
2019-05-07,14313.4,-0.008847522
2019-05-08,14186.1,-0.008933549
2019-05-09,14154.3,-0.002244147
2019-05-10,14186.1,0.002244147
2019-05-13,14154.3,-0.002244147
2019-05-14,14090.7,-0.00450346
2019-05-15,14249.8,0.011227866
2019-05-16,14186.1,-0.00448026
2019-05-17,14249.8,0.00448026
2019-05-20,14567.8,0.022070742
2019-05-21,14536,-0.002185283
2019-05-22,14377,-0.010998624
2019-05-23,14408.8,0.002209424
2019-05-24,14313.4,-0.00664297
2019-05-27,14186.1,-0.008933549
2019-05-28,14504.2,0.022175651
2019-05-29,14313.4,-0.013242101
2019-05-30,14345.2,0.00221923
2019-05-31,14217.9,-0.008913657
2019-06-03,14186.1,-0.002239122
2019-06-04,14281.6,0.006709383
2019-06-05,14281.6,0
2019-06-06,14186.1,-0.006709383
2019-06-07,14122.5,-0.004493342
2019-06-10,14313.4,0.013426891
2019-06-11,14345.2,0.00221923
2019-06-12,14345.2,0
2019-06-13,14249.8,-0.00667252
2019-06-14,14249.8,0
2019-06-17,14186.1,-0.00448026
2019-06-18,13995.3,-0.013541053
2019-06-19,13995.3,0
2019-06-20,14122.5,0.009047711
2019-06-21,13677.2,-0.032039057
2019-06-24,14058.9,0.027525434
2019-06-25,13995.3,-0.004534088
2019-06-26,14058.9,0.004534088
2019-06-27,13677.2,-0.027525434
2019-06-28,13995.3,0.022991346
2019-07-01,13804.4,-0.013734177
2019-07-02,13740.8,-0.004617873
2019-07-03,13804.4,0.004617873
2019-07-04,13804.4,0
2019-07-05,13677.2,-0.009257169
2019-07-08,13677.2,0
2019-07-09,13677.2,0
2019-07-10,13740.8,0.004639296
2019-07-11,13709,-0.002316958
2019-07-12,13645.4,-0.004650083
2019-07-15,13740.8,0.006967041
2019-07-16,13709,-0.002316958
2019-07-17,13677.2,-0.002322339
2019-07-18,13709,0.002322339
2019-07-19,13772.6,0.00462856
2019-07-22,13677.2,-0.006950898
2019-07-23,13740.8,0.004639296
2019-07-24,14122.5,0.027399761
2019-07-25,14377,0.017860437
2019-07-26,14313.4,-0.004433546
2019-07-29,14249.8,-0.00445329
2019-07-30,14249.8,0
2019-07-31,14345.2,0.00667252
2019-08-01,14440.6,0.006628292
2019-08-02,14440.6,0
2019-08-05,14695.1,0.017470421
2019-08-06,14631.4,-0.004344201
2019-08-07,14695.1,0.004344201
2019-08-08,14695.1,0
2019-08-09,14790.5,0.006470978
2019-08-12,14790.5,0
2019-08-13,14631.4,-0.010815179
2019-08-14,14631.4,0
2019-08-15,14599.6,-0.002175773
2019-08-16,14777.8,0.012131924
2019-08-19,14777.8,0
2019-08-20,14704.6,-0.004965685
2019-08-21,14668,-0.00249212
2019-08-22,14668,0
2019-08-23,14485.1,-0.012547715
2019-08-26,14485.1,0
2019-08-27,14631.4,0.010049369
2019-08-28,14741.2,0.00747639
2019-08-29,15107,0.024511918
2019-08-30,15253.3,0.009637661
2019-09-03,15107,-0.009637661
2019-09-04,15143.5,0.002413184
2019-09-05,15180.1,0.002413963
2019-09-06,15253.3,0.004810514
2019-09-09,15363,0.007166148
2019-09-10,15728.8,0.023531406
2019-09-11,16021.4,0.018431902
2019-09-12,16094.6,0.004558483
2019-09-13,16789.6,0.042275835
2019-09-16,16533.5,-0.015371021
2019-09-17,16460.4,-0.004431129
2019-09-18,16423.8,-0.002225994
2019-09-19,16423.8,0
2019-09-20,16533.5,0.006657123
2019-09-23,16314.1,-0.013358861
2019-09-24,16167.7,-0.00901434
2019-09-25,16167.7,0
2019-09-26,16240.9,0.004517327
2019-09-27,16606.7,0.022273476
2019-09-30,16570.1,-0.002206362
2019-10-01,16314.1,-0.015570102
2019-10-02,16094.6,-0.013545953
2019-10-03,16058,-0.002276644
2019-10-04,16167.7,0.006808257
2019-10-07,16240.9,0.004517327
2019-10-08,16240.9,0
2019-10-09,16094.6,-0.00904894
2019-10-10,16094.6,0
2019-10-11,16021.4,-0.004558483
2019-10-14,16131.2,0.006829956
2019-10-15,16094.6,-0.002271473
2019-10-16,15802,-0.018347298
2019-10-17,15582.5,-0.013988025
2019-10-18,15399.6,-0.011806955
2019-10-21,15399.6,0
2019-10-22,15216.7,-0.011948026
2019-10-23,15216.7,0
2019-10-24,15289.9,0.004798971
2019-10-25,15289.9,0
2019-10-28,15216.7,-0.004798971
2019-10-29,15216.7,0
2019-10-30,15728.8,0.033099918
2019-10-31,15363,-0.023531406
2019-11-01,15363,0
2019-11-04,15326,-0.002411289
2019-11-05,15290,-0.002351713
2019-11-06,15326,0.002351713
2019-11-07,15326,0
2019-11-08,15253,-0.004774528
2019-11-11,15290,0.002422815
2019-11-12,15290,0
2019-11-13,15217,-0.004785796
2019-11-14,15180,-0.002434452
2019-11-15,15144,-0.002374358
2019-11-18,15107,-0.002446201
2019-11-19,15363,0.016803809
2019-11-20,15253,-0.007185816
2019-11-21,15144,-0.007171791
2019-11-22,15070,-0.004898401
2019-11-25,14997,-0.004855832
2019-11-26,14887,-0.007361832
2019-11-27,14887,0
2019-11-28,14778,-0.007348761
2019-11-29,14741,-0.002506861
2019-12-02,14631,-0.007490162
2019-12-03,14631,0
2019-12-04,14631,0
2019-12-05,14631,0
2019-12-06,14631,0
2019-12-09,14631,0
2019-12-10,14558,-0.005001895
2019-12-11,14558,0
2019-12-12,14558,0
2019-12-13,14449,-0.007515463
2019-12-16,14485,0.002488423
2019-12-17,14449,-0.002488423
2019-12-18,14449,0
2019-12-19,14412,-0.002564015
2019-12-20,13607,-0.057476827
2019-12-23,14412,0.057476827
2019-12-24,14412,0
2019-12-25,14375,-0.002570606
2019-12-26,14193,-0.012741701
2019-12-27,14193,0
2019-12-30,14156,-0.002610323
2019-12-31,14156,0
2020-01-02,14119,-0.002617154
2020-01-03,14046,-0.00518375
2020-01-06,14997,0.065512523
2020-01-07,14595,-0.027171177
2020-01-08,14375,-0.015188418
2020-01-09,14375,0
2020-01-10,14412,0.002570606
2020-01-13,14412,0
2020-01-14,14302,-0.007661805
2020-01-15,14375,0.005091199
2020-01-16,14412,0.002570606
2020-01-17,14558,0.010079478
2020-01-20,14449,-0.007515463
2020-01-21,14485,0.002488423
2020-01-22,14485,0
2020-01-30,14412,-0.005052438
2020-01-31,14119,-0.020539785
2020-02-03,14046,-0.00518375
2020-02-04,13900,-0.010448818
2020-02-05,13973,0.005238056
2020-02-06,13936,-0.002651476
2020-02-07,13900,-0.00258658
2020-02-10,13863,-0.00266542
2020-02-11,13863,0
2020-02-12,13900,0.00266542
2020-02-13,13717,-0.013252901
2020-02-14,13754,0.002693751
2020-02-17,13717,-0.002693751
2020-02-18,13424,-0.02159179
2020-02-19,13717,0.02159179
2020-02-20,13717,0
2020-02-21,13680,-0.002701027
2020-02-24,13571,-0.007999749
2020-02-25,13680,0.007999749
2020-02-26,13644,-0.002635048
2020-02-27,13388,-0.018941081
2020-02-28,13461,0.005437832
2020-03-02,13278,-0.013688085
2020-03-03,13205,-0.005512985
2020-03-04,12803,-0.030916027
2020-03-05,12510,-0.023151194
2020-03-06,12803,0.023151194
2020-03-09,11925,-0.071042482
2020-03-10,11339,-0.050388926
2020-03-11,11120,-0.019502822
2020-03-12,10352,-0.071565551
2020-03-13,9803,-0.054491276
2020-03-16,9803,0
2020-03-17,10461,0.064965595
2020-03-18,10681,0.020812406
2020-03-19,10388,-0.027815168
2020-03-20,10608,0.02095714
2020-03-23,9876,-0.071500862
2020-03-24,10279,0.039995408
2020-03-25,10352,0.007076759
2020-03-26,10242,-0.010682825
2020-03-27,9949,-0.029024869
2020-03-30,9876,-0.007364472
2020-03-31,10096,0.022031734
2020-04-01,10169,0.007204571
2020-04-03,10169,0
2020-04-06,10608,0.042264557
2020-04-07,10754,0.013669345
2020-04-08,10864,0.010176792
2020-04-09,10900,0.003308218
2020-04-10,10900,0
2020-04-13,10974,0.006766049
2020-04-14,11449,0.042373551
2020-04-15,11705,0.022113711
2020-04-16,11705,0
2020-04-17,12181,0.03986126
2020-04-20,12290,0.008908563
2020-04-21,11559,-0.061321569
2020-04-22,11632,0.006295566
2020-04-23,11815,0.01560999
2020-04-24,11888,0.006159577
2020-04-27,11595,-0.024955517
2020-04-28,11339,-0.02232586
2020-04-29,11376,0.003257762
2020-05-04,10974,-0.035977034
2020-05-05,11010,0.003275112
2020-05-06,11120,0.009941338
2020-05-07,11230,0.00984348
2020-05-08,11303,0.006479408
2020-05-11,11339,0.003179934
2020-05-12,11230,-0.009659342
2020-05-13,11230,0
2020-05-14,11998,0.0661512
2020-05-15,11998,0
2020-05-18,12254,0.021112445
2020-05-19,12656,0.032278997
2020-05-20,12290,-0.029345487
2020-05-21,12364,0.006003101
2020-05-22,12510,0.0117393
2020-05-25,13059,0.042949227
2020-05-26,13132,0.005574448
2020-05-27,12620,-0.039769143
2020-05-28,12620,0
2020-05-29,12766,0.01150253
2020-06-01,12839,0.005702027
2020-06-02,12510,-0.025959089
2020-06-03,12473,-0.002962016
2020-06-04,12437,-0.002890407
2020-06-05,12766,0.026109486
2020-06-08,13132,0.028266613
2020-06-09,12839,-0.022564586
2020-06-10,12876,0.0028777
2020-06-11,12437,-0.034689213
2020-06-12,12217,-0.017847476
2020-06-15,11851,-0.030416172
2020-06-16,11649.9,-0.017114656
2020-06-17,11649.9,0
2020-06-18,11864.3,0.018236295
2020-06-19,12150.2,0.023811739
2020-06-22,12400.3,0.020375035
2020-06-23,12400.3,0
2020-06-24,12114.4,-0.023325838
2020-06-25,12114.4,0
2020-06-26,12328.9,0.017551272
2020-06-29,11578.4,-0.062804807
2020-06-30,11828.6,0.021379034
2020-07-01,12007.2,0.014986142
2020-07-02,12221.6,0.017698408
2020-07-03,12364.6,0.011632673
2020-07-06,12364.6,0
2020-07-07,12400.3,0.002883115
2020-07-08,12793.4,0.031208747
2020-07-09,13686.8,0.067502452
2020-07-10,14330.1,0.045930355
2020-07-13,14723.2,0.027062261
2020-07-14,15545.1,0.054320995
2020-07-15,15223.5,-0.02090519
2020-07-16,15330.7,0.007017067
2020-07-17,15402.1,0.00464651
2020-07-20,15223.5,-0.011663577
2020-07-21,15009,-0.014190265
2020-07-22,14687.4,-0.021660038
2020-07-23,14437.3,-0.017174848
2020-07-24,14151.4,-0.020001576
2020-07-27,13329.5,-0.059833935
2020-07-28,13722.6,0.029064485
2020-07-29,13508.1,-0.015754603
2020-07-30,13436.7,-0.005299736
2020-07-31,13222.2,-0.016092534
2020-08-03,13829.8,0.044928449
2020-08-04,14365.8,0.038024698
2020-08-05,14651.7,0.019705988
2020-08-06,14401.5,-0.017224002
2020-08-07,15223.5,0.055507919
2020-08-10,15294.9,0.004679153
2020-08-11,15009,-0.018869418
2020-08-12,14723.2,-0.01922554
2020-08-13,14758.9,0.00242181
2020-08-14,14973.3,0.014422324
2020-08-17,15152,0.011863921
2020-08-18,15509.3,0.023307308
2020-08-19,15509.3,0
2020-08-20,15116.2,-0.025672828
2020-08-21,15152,0.00236552
2020-08-24,15187.7,0.002353353
2020-08-25,15866.7,0.043736684
2020-08-26,15902.4,0.002247468
2020-08-27,15902.4,0
2020-08-28,15759.5,-0.009026683
2020-08-31,15866.7,0.006779215
2020-09-01,16867.3,0.061154263
2020-09-03,18046.6,0.067580465
2020-09-04,18225.3,0.009853437
2020-09-07,18546.9,0.017491921
2020-09-08,18511.1,-0.001932107
2020-09-09,18618.4,0.005779787
2020-09-10,18511.1,-0.005779787
2020-09-11,18046.6,-0.025413251
2020-09-14,18082.3,0.001976258
2020-09-15,18118.1,0.001977879
2020-09-16,17867.9,-0.013905632
2020-09-17,17439.1,-0.024290995
2020-09-18,17224.7,-0.012370411
2020-09-21,17546.3,0.018498701
2020-09-22,17796.4,0.014153088
2020-09-23,17867.9,0.004009617
2020-09-24,17439.1,-0.024290995
2020-09-25,17188.9,-0.014450985
2020-09-28,16867.3,-0.01888699
2020-09-29,16867.3,0
2020-09-30,16903,0.002114285
2020-10-01,17224.7,0.018853279
2020-10-02,16938.8,-0.016737552
2020-10-05,17010.2,0.004206316
2020-10-06,16938.8,-0.004206316
2020-10-07,16652.9,-0.017022473
2020-10-08,16152.6,-0.030503348
2020-10-09,16295.5,0.008807969
2020-10-12,16152.6,-0.008807969
2020-10-13,16295.5,0.008807969
2020-10-14,15902.4,-0.024418955
2020-10-15,15938.2,0.002248702
2020-10-16,15616.5,-0.020390696
2020-10-19,15009,-0.039678026
2020-10-20,14758.9,-0.016803731
2020-10-21,15187.7,0.028639599
2020-10-22,15330.7,0.009371464
2020-10-23,15187.7,-0.009371464
2020-10-26,14651.7,-0.03592952
2020-10-27,14294.3,-0.024695513
2020-10-28,13579.6,-0.05129219
2020-10-29,13829.8,0.018257018
2020-10-30,13579.6,-0.018257018
2020-11-02,13615.3,0.002625494
2020-11-03,13722.6,0.007849948
2020-11-04,14651.7,0.065512261
2020-11-05,14258.6,-0.027196136
2020-11-06,14115.6,-0.010079665
2020-11-09,14258.6,0.010079665
2020-11-10,14044.2,-0.015150734
2020-11-11,13937,-0.007662325
2020-11-12,14008.4,0.005109976
2020-11-13,14294.3,0.020203707
2020-11-16,14115.6,-0.012580288
2020-11-17,14222.9,0.007572773
2020-11-18,14866.1,0.044230111
2020-11-19,14723.2,-0.009658972
2020-11-20,15509.3,0.052015363
2020-11-23,15366.4,-0.009256536
2020-11-24,15152,-0.014050771
2020-11-25,14937.6,-0.014251012
2020-11-26,14866.1,-0.004798071
2020-11-27,14973.3,0.007185162
2020-11-30,14615.9,-0.024158638
2020-12-01,14473,-0.009825133
2020-12-02,14758.9,0.019561446
2020-12-03,14973.3,0.014422324
2020-12-04,14794.6,-0.012006366
2020-12-07,14901.8,0.007219762
2020-12-08,15009,0.00716801
2020-12-09,15044.8,0.002382395
2020-12-10,14615.9,-0.028922439
2020-12-11,14866.1,0.016973476
2020-12-14,14830.4,-0.002404325
2020-12-15,14937.6,0.007202396
2020-12-16,15152,0.014251012
2020-12-17,14794.6,-0.023870287
2020-12-18,14866.1,0.004821204
2020-12-21,14830.4,-0.002404325
2020-12-22,15795.2,0.063026968
2020-12-23,16867.3,0.06567074
2020-12-24,16795.8,-0.004247981
2020-12-25,16509.9,-0.017168654
2020-12-28,16474.2,-0.00216468
2020-12-29,16545.7,0.004330729
2020-12-30,16116.8,-0.026264043
2020-12-31,16081.1,-0.002217537
2021-01-04,16367,0.017622443
2021-01-05,16795.8,0.025861743
2021-01-06,16617.2,-0.010690552
2021-01-07,16688.6,0.004287548
2021-01-08,16724.4,0.002142879
2021-01-11,17725,0.058107341
2021-01-12,17474.8,-0.014216229
2021-01-13,17153.2,-0.018575098
2021-01-14,17046,-0.006269173
2021-01-15,17046,0
2021-01-18,17046,0
2021-01-19,15866.7,-0.071692999
2021-01-20,15580.8,-0.018183186
2021-01-21,16295.5,0.044849609
2021-01-22,15973.9,-0.019932856
2021-01-25,16116.8,0.008906066
2021-01-26,15366.4,-0.047678899
2021-01-27,14973.3,-0.025914693
2021-01-28,13937,-0.071721441
2021-01-29,14294.3,0.025313682
2021-02-01,13472.4,-0.059217708
2021-02-02,13686.8,0.015788716
2021-02-03,14401.5,0.050900503
2021-02-04,14723.2,0.022092113
2021-02-05,14973.3,0.016844134
2021-02-08,14365.8,-0.041418233
2021-02-09,14473,0.007434463
2021-02-17,15187.7,0.048201045
2021-02-18,15437.9,0.016339635
2021-02-19,15616.5,0.011502523
2021-02-22,15509.3,-0.006888204
2021-02-23,15330.7,-0.01158249
2021-02-24,15152,-0.011724817
2021-02-25,15009,-0.009482515
2021-02-26,15080.5,0.004752497
2021-03-01,16116.8,0.066459688
2021-03-02,16259.8,0.008833598
2021-03-03,16259.8,0
2021-03-04,16402.7,0.008750152
2021-03-05,16402.7,0
2021-03-08,16438.5,0.002180189
2021-03-09,16438.5,0
2021-03-10,16402.7,-0.002180189
2021-03-11,16402.7,0
2021-03-12,16224.1,-0.010948164
2021-03-15,16152.6,-0.004416764
2021-03-16,16045.4,-0.006658823
2021-03-17,16045.4,0
2021-03-18,16652.9,0.037162171
2021-03-19,16938.8,0.017022473
2021-03-22,16688.6,-0.014880997
2021-03-23,16402.7,-0.017279896
2021-03-24,15938.2,-0.028727212
2021-03-25,15723.8,-0.013543255
2021-03-26,15973.9,0.015780652
2021-03-29,16652.9,0.041628235
2021-03-30,17153.2,0.02960037
2021-03-31,17010.2,-0.008371581
2021-04-01,17188.9,0.010450663
2021-04-02,17224.7,0.002080574
2021-04-05,17367.6,0.008262001
2021-04-06,18225.3,0.048204337
2021-04-07,19476,0.0663722
2021-04-08,20369.4,0.044850836
2021-04-09,19726.2,-0.032086073
2021-04-12,20190.7,0.023274401
2021-04-13,19547.5,-0.032374701
2021-04-14,19904.8,0.018113508
2021-04-15,19118.7,-0.040293995
2021-04-16,18511.1,-0.032296362
2021-04-19,18940,0.022905536
2021-04-20,18296.7,-0.034555372
2021-04-22,17939.4,-0.019721304
2021-04-23,18761.3,0.044796826
2021-04-26,18439.7,-0.017290289
2021-04-27,18546.9,0.00579671
2021-04-28,18904.2,0.01908146
2021-04-29,19011.5,0.00565994
2021-05-04,18868.5,-0.007550194
2021-05-05,19082.9,0.011298781
2021-05-06,18975.7,-0.005633433
2021-05-07,18582.6,-0.020933554
2021-05-10,18403.9,-0.00966306
2021-05-11,18689.8,0.015415322
2021-05-12,18761.3,0.003818317
2021-05-13,18439.7,-0.017290289
2021-05-14,18332.5,-0.005830508
2021-05-17,17939.4,-0.02167603
2021-05-18,17725,-0.012023339
2021-05-19,17510.5,-0.012175371
2021-05-20,17439.1,-0.004085889
2021-05-21,18046.6,0.03424249
2021-05-24,18725.6,0.03693427
2021-05-25,18725.6,0
2021-05-26,18904.2,0.009492548
2021-05-27,19225.9,0.016874209
2021-05-28,19190.1,-0.001863807
2021-05-31,18975.7,-0.011235308
2021-06-01,18761.3,-0.011362976
2021-06-02,18654.1,-0.005730276
2021-06-03,19942.5,0.066787172
2021-06-04,21331.8,0.067345784
2021-06-07,21600.6,0.012522175
2021-06-08,20345.8,-0.05984659
2021-06-09,20166.6,-0.008846732
2021-06-10,19718.4,-0.022475561
2021-06-11,20345.8,0.031322292
2021-06-14,20256.2,-0.004413583
2021-06-15,20525.1,0.013187608
2021-06-16,20166.6,-0.017620757
2021-06-17,20345.8,0.008846732
2021-06-18,20614.7,0.013129911
2021-06-21,20211.4,-0.019757612
2021-06-22,20256.2,0.002214118
2021-06-23,20121.8,-0.006657115
2021-06-24,19673.6,-0.022526169
2021-06-25,19225.5,-0.023040113
2021-06-28,19942.5,0.03661561
2021-06-29,19808.1,-0.006762188
2021-06-30,19718.4,-0.004538735
2021-07-01,19808.1,0.004538735
2021-07-02,20435.5,0.03118264
2021-07-05,21152.5,0.034484517
2021-07-06,20345.8,-0.038883599
2021-07-07,20614.7,0.013129911
2021-07-08,20614.7,0
2021-07-09,20345.8,-0.013129911
2021-07-12,19852.9,-0.02452441
2021-07-13,19673.6,-0.009072457
2021-07-14,18911.8,-0.03949157
2021-07-15,19942.5,0.053067067
2021-07-16,19673.6,-0.013575497
2021-07-19,18732.5,-0.049017652
2021-07-20,19359.9,0.032943933
2021-07-21,19001.4,-0.018691256
2021-07-22,19180.7,0.009391904
2021-07-23,19135.8,-0.002343639
2021-07-26,19315.1,0.009326247
2021-07-27,19808.1,0.025203772
2021-07-28,19763.2,-0.002269322
2021-07-29,19763.2,0
2021-07-30,20345.8,0.02905288
2021-08-02,20077,-0.013299621
2021-08-03,20166.6,0.004452889
2021-08-04,20166.6,0
2021-08-05,20345.8,0.008846732
2021-08-06,20077,-0.013299621
2021-08-09,21062.9,0.047938318
2021-08-10,22048.8,0.04574498
2021-08-11,22048.8,0
2021-08-12,21600.6,-0.020537087
2021-08-13,21152.5,-0.02096299
2021-08-16,21466.2,0.014721503
2021-08-17,21286.9,-0.008387745
2021-08-18,20883.6,-0.019127698
2021-08-19,21152.5,0.01279394
2021-08-20,21511,0.01680633
2021-08-23,21511,0
2021-08-24,20256.2,-0.060103513
2021-08-25,20211.4,-0.002214118
2021-08-26,20435.5,0.011026783
2021-08-27,21331.8,0.042925333
2021-08-30,21242.1,-0.004213856
2021-08-31,21645.5,0.018812519
2021-09-01,21735.1,0.004130885
2021-09-06,23214,0.06582708
2021-09-07,22676.2,-0.023439629
2021-09-08,22676.2,0
2021-09-09,23124.3,0.019568096
2021-09-10,22810.6,-0.013658672
2021-09-13,21869.5,-0.042132368
2021-09-14,21331.8,-0.024894055
2021-09-15,21511,0.008365515
2021-09-16,21824.7,0.014477924
2021-09-17,21959.2,0.00614383
2021-09-20,21511,-0.020621754
2021-09-21,21376.6,-0.006267566
2021-09-22,21600.6,0.010424226
2021-09-23,21331.8,-0.012522175
2021-09-24,21152.5,-0.008440815
2021-09-27,20614.7,-0.025753688
2021-09-28,21062.9,0.021508785
2021-09-29,20704.4,-0.017166961
2021-09-30,20704.4,0
2021-10-01,20614.7,-0.004341825
2021-10-04,20704.4,0.004341825
2021-10-05,20883.6,0.008617924
2021-10-06,21152.5,0.01279394
2021-10-07,21824.7,0.031284254
2021-10-08,21511,-0.014477924
2021-10-11,21645.5,0.006233148
2021-10-12,21824.7,0.008244775
2021-10-13,21600.6,-0.010321264
2021-10-14,21645.5,0.002076489
2021-10-15,21959.2,0.014388605
2021-10-18,21914.4,-0.002042231
2021-10-19,21511,-0.018579523
2021-10-20,21376.6,-0.006267566
2021-10-21,21421.4,0.002093557
2021-10-22,22004,0.026833833
2021-10-25,22676.2,0.030091661
2021-10-26,22586.6,-0.003959106
2021-10-27,22900.3,0.013793201
2021-10-28,23572.5,0.028930767
2021-10-29,25051.4,0.060848936
2021-11-01,25365.1,0.012444499
2021-11-02,26485.4,0.043219424
2021-11-03,25902.9,-0.022238706
2021-11-04,27695.4,0.066911403
2021-11-05,28860.6,0.041211009
2021-11-08,30877.3,0.067543943
2021-11-09,31728.8,0.0272035
2021-11-10,33924.7,0.066918577
2021-11-11,34328,0.011817985
2021-11-12,36299.8,0.055850884
2021-11-15,38809.5,0.06685283
2021-11-16,38540.6,-0.006952831
2021-11-17,41139.8,0.065263792
2021-11-18,44008,0.067395413
2021-11-19,45710.9,0.037965346
2021-11-22,42529.1,-0.072148234
2021-11-23,39571.3,-0.072084439
2021-11-24,39885,0.007896205
2021-11-25,42663.5,0.06734344
2021-11-26,41319.1,-0.032018891
2021-11-29,41325.4,0.00015246
2021-11-30,43865.5,0.059650811
2021-12-01,44793.6,0.020937138
2021-12-02,42986.2,-0.041186138
2021-12-03,40006.5,-0.071837193
2021-12-06,37222.1,-0.07213927
2021-12-07,37466.4,0.00654186
2021-12-08,36147.5,-0.035836741
2021-12-09,38101.4,0.052643237
2021-12-10,37808.3,-0.007722372
2021-12-13,39371.4,0.040511009
2021-12-14,40592.6,0.03054612
2021-12-15,39713.4,-0.021897122
2021-12-16,39078.4,-0.016118778
2021-12-17,40006.5,0.023472056
2021-12-20,38980.7,-0.025975289
2021-12-21,37612.9,-0.035719575
2021-12-22,36049.8,-0.042445761
2021-12-23,33705.1,-0.067252155
2021-12-24,36049.8,0.067252155
2021-12-27,38101.4,0.055349711
2021-12-28,38296.8,0.005115315
2021-12-29,36147.5,-0.057758552
2021-12-30,37124.4,0.026666645
2021-12-31,39713.4,0.067414227
2022-01-04,42448.9,0.066612337
2022-01-05,42448.9,0
2022-01-06,45379.7,0.066763869
2022-01-07,47871,0.053445025
2022-01-10,46894,-0.020620158
2022-01-11,48212.9,0.027736885
2022-01-12,44842.4,-0.0724725
2022-01-13,41716.1,-0.072266975
2022-01-14,43083.9,0.032262232
2022-01-17,40104.2,-0.07166831
2022-01-18,37319.8,-0.07195705
2022-01-19,36245.2,-0.029217058
2022-01-20,38687.6,0.065212177
2022-01-21,37466.4,-0.032074604
2022-01-24,34877.4,-0.071605476
2022-01-25,35365.9,0.013909024
2022-01-26,34193.6,-0.033709587
2022-01-27,34437.8,0.007116306
2022-01-28,34584.3,0.004245024
2022-02-07,36196.3,0.045557082
2022-02-08,36196.3,0
2022-02-09,37710.6,0.040984318
2022-02-10,36831.4,-0.02359048
2022-02-11,36538.3,-0.007989717
2022-02-14,34682,-0.052140205
2022-02-15,36098.6,0.040033263
2022-02-16,38101.4,0.053996943
2022-02-17,39371.4,0.032788638
2022-02-18,39322.6,-0.001240247
2022-02-21,39371.4,0.001240247
2022-02-22,38345.6,-0.026399876
2022-02-23,38443.3,0.00254464
2022-02-24,38443.3,0
2022-02-25,40153,0.043512729
2022-02-28,40153,0
2022-03-01,40153,0
2022-03-02,39078.4,-0.027127273
2022-03-03,40446.1,0.034400339
2022-03-04,40690.3,0.006019511
2022-03-07,40201.9,-0.012075477
2022-03-08,38101.4,-0.053663231
2022-03-09,39078.4,0.025318858
2022-03-10,38589.9,-0.0125793
2022-03-11,37075.6,-0.040031513
2022-03-14,35952.1,-0.030771574
2022-03-15,36977.9,0.02813294
2022-03-16,37417.5,0.011818073
2022-03-17,37222.1,-0.005235839
2022-03-18,37612.9,0.010444406
2022-03-21,38345.6,0.019292712
2022-03-22,38345.6,0
2022-03-23,39176.1,0.021427078
2022-03-24,38980.7,-0.005000215
2022-03-25,38589.9,-0.010076068
2022-03-28,37612.9,-0.025643508
2022-03-29,38199.1,0.015464878
2022-03-30,37271,-0.024596411
2022-03-31,37857.2,0.015605642
2022-04-01,38394.5,0.014093034
2022-04-04,39908.8,0.038682631
2022-04-05,39078.4,-0.021026966
2022-04-06,36538.3,-0.067208859
2022-04-07,35756.7,-0.021623361
2022-04-08,33265.5,-0.07221684
2022-04-12,33070.1,-0.005891273
2022-04-13,35365.9,0.067118528
2022-04-14,35171,-0.0055262
2022-04-15,33168,-0.058636324
2022-04-18,31067,-0.065439393
2022-04-19,29065,-0.066611461
2022-04-20,27062,-0.071404171
2022-04-21,28332,0.045861378
2022-04-22,28820,0.017077683
2022-04-25,26818,-0.071996287
2022-04-26,27355,0.019826024
2022-04-27,27550,0.007103208
2022-04-28,26720,-0.030590187
2022-04-29,27550,0.030590187
2022-05-04,27306,-0.008896077
2022-05-05,27843,0.01947513
2022-05-06,25938,-0.070872513
2022-05-09,24131,-0.072211754
2022-05-10,23447,-0.028754766
2022-05-11,23252,-0.008351405
2022-05-12,21640,-0.071847696
2022-05-13,20125,-0.072580631
2022-05-16,19246,-0.044659576
2022-05-17,20565,0.066287355
2022-05-18,21395,0.039566648
2022-05-19,21493,0.004570051
2022-05-20,21884,0.018028475
2022-05-23,20516,-0.064550707
2022-05-24,21200,0.032796112
2022-05-25,22665,0.066820703
2022-05-26,23056,0.017104155
2022-05-27,22959,-0.004216023
2022-05-30,23447,0.021032538
2022-05-31,23203,-0.010460974
2022-06-01,22861,-0.014849179
2022-06-02,21884,-0.043676626
2022-06-03,21591,-0.013479215
2022-06-06,21102,-0.022908738
2022-06-07,22324,0.05629451
2022-06-08,22861,0.023770069
2022-06-09,22959,0.004277615
2022-06-10,23447,0.021032538
2022-06-13,22324,-0.049080222
2022-06-14,22568,0.010870641
2022-06-15,21005,-0.071772469
2022-06-16,20516,-0.023555435
2022-06-17,19100,-0.071516734
2022-06-20,17781,-0.071557864
2022-06-21,16804,-0.056513518
2022-06-22,17976,0.067420582
2022-06-23,18758,0.042582793
2022-06-24,18562,-0.010503848
2022-06-27,19832,0.066180315
2022-06-28,20418,0.02912007
2022-06-29,19979,-0.021735143
2022-06-30,19100,-0.044993387
2022-07-01,19393,0.015223841
2022-07-04,20028,0.032219118
2022-07-05,19441,-0.029747056
2022-07-06,18465,-0.05150719
2022-07-07,18611,0.007875755
2022-07-08,19246,0.033550443
2022-07-11,20028,0.039828048
2022-07-12,21200,0.056869887
2022-07-13,20850,-0.016647233
2022-07-14,21500,0.030698987
2022-07-15,21100,-0.018779895
2022-07-18,21050,-0.00237248
2022-07-19,21400,0.016490362
2022-07-20,22250,0.038951087
2022-07-21,22250,0
2022-07-22,22700,0.020022916
2022-07-25,22400,-0.013303966
2022-07-26,21500,-0.041008024
2022-07-27,22000,0.022989518
2022-07-28,22350,0.015783868
2022-07-29,23000,0.028667895
2022-08-01,23800,0.034191365
2022-08-02,23700,-0.004210533
2022-08-03,23850,0.006309169
2022-08-04,23200,-0.027631939
2022-08-05,23550,0.014973542
2022-08-08,24500,0.039547297
2022-08-09,24200,-0.012320484
2022-08-10,24300,0.004123717
2022-08-11,23600,-0.029229638
2022-08-12,24500,0.037426406
2022-08-15,24650,0.006103783
2022-08-16,24400,-0.010193768
2022-08-17,24400,0
2022-08-18,24000,-0.016529302
2022-08-19,23900,-0.004175371
2022-08-22,23750,-0.006295928
2022-08-23,24550,0.033129324
2022-08-24,25550,0.039925462
2022-08-25,25500,-0.001958864
2022-08-26,25000,-0.019802627
2022-08-29,24500,-0.020202707
2022-08-30,24300,-0.008196767
2022-08-31,24250,-0.002059733
2022-09-05,24350,0.004115232
2022-09-06,25000,0.026343975
2022-09-07,23800,-0.049190244
2022-09-08,22600,-0.051735674
2022-09-09,23450,0.036920589
2022-09-12,22950,-0.021552558
2022-09-13,23100,0.006514681
2022-09-14,22950,-0.006514681
2022-09-15,23000,0.002176279
2022-09-16,22100,-0.039916607
2022-09-19,20600,-0.070286533
2022-09-20,21000,0.019231362
2022-09-21,20750,-0.011976191
2022-09-22,21200,0.021454935
2022-09-23,21000,-0.009478744
2022-09-26,19550,-0.071547151
2022-09-27,19500,-0.002560821
2022-09-28,18800,-0.036557596
2022-09-29,18200,-0.032435276
2022-09-30,19000,0.043017385
2022-10-03,17700,-0.07087434
2022-10-04,16800,-0.052185753
2022-10-05,17600,0.046520016
2022-10-06,16400,-0.070617567
2022-10-07,15300,-0.069428506
2022-10-10,14800,-0.033225648
2022-10-11,13800,-0.069958589
2022-10-12,14000,0.014388737
2022-10-13,14050,0.003565066
2022-10-14,15000,0.065427805
2022-10-17,15150,0.009950331
2022-10-18,15000,-0.009950331
2022-10-19,14600,-0.027028672
2022-10-20,14150,-0.031306905
2022-10-21,13200,-0.069497794
2022-10-24,12300,-0.070617567
2022-10-25,11750,-0.045746022
2022-10-26,11750,0
2022-10-27,12550,0.065867425
2022-10-28,12800,0.019724505
2022-10-31,13400,0.045809536
2022-11-01,13400,0
2022-11-02,13000,-0.030305349
2022-11-03,13000,0
2022-11-04,12100,-0.071743905
2022-11-07,11300,-0.068402727
2022-11-08,11700,0.034786116
2022-11-09,11800,0.00851069
2022-11-10,11000,-0.070204259
2022-11-11,11500,0.044451763
2022-11-14,11600,0.008658063
2022-11-15,11550,-0.004319661
2022-11-16,12350,0.066970626
2022-11-17,12700,0.02794593
2022-11-18,13150,0.034819765
2022-11-21,13300,0.011342277
2022-11-22,12650,-0.05010682
2022-11-23,12300,-0.028057953
2022-11-24,12550,0.020121403
2022-11-25,13350,0.061795719
2022-11-28,14250,0.065240522
2022-11-29,14700,0.031090587
2022-11-30,14950,0.016863806
2022-12-01,14200,-0.051469335
2022-12-02,15150,0.064758567
2022-12-05,16200,0.06701071
2022-12-06,15500,-0.044171218
2022-12-07,15350,-0.00972455
2022-12-08,16000,0.041473248
2022-12-09,16000,0
2022-12-12,15600,-0.025317808
2022-12-13,15900,0.019048195
2022-12-14,15650,-0.015848192
2022-12-15,15800,0.009539023
2022-12-16,16350,0.034217957
2022-12-19,15400,-0.059860388
2022-12-20,14350,-0.070617567
2022-12-21,13350,-0.072233557
2022-12-22,13550,0.014870162
2022-12-23,13850,0.021898685
2022-12-26,12900,-0.071057921
2022-12-27,13100,0.015384919
2022-12-28,13150,0.003809528
2022-12-29,12700,-0.034819765
2022-12-30,12400,-0.023905521
2023-01-03,13250,0.06630108
2023-01-04,13150,-0.007575794
2023-01-05,13550,0.029964789
2023-01-06,13100,-0.033774317
2023-01-09,12900,-0.015384919
2023-01-10,13150,0.019194447
2023-01-11,13150,0
2023-01-12,13300,0.011342277
2023-01-13,13700,0.029631798
2023-01-16,13600,-0.00732604
2023-01-17,14000,0.028987537
2023-01-18,14350,0.024692613
2023-01-19,14400,0.003478264
2023-01-27,14700,0.020619287
2023-01-30,14250,-0.031090587
2023-01-31,14650,0.027683429
2023-02-01,13750,-0.063401511
2023-02-02,13550,-0.014652277
2023-02-03,13600,0.003683245
2023-02-06,13800,0.014598799
2023-02-07,13600,-0.014598799
2023-02-08,13650,0.003669729
2023-02-09,13650,0
2023-02-10,13650,0
2023-02-13,12800,-0.064294351
2023-02-14,12500,-0.023716527
2023-02-15,12800,0.023716527
2023-02-16,13050,0.019342963
2023-02-17,12900,-0.011560822
2023-02-20,13550,0.049159236
2023-02-21,13250,-0.022388995
2023-02-22,12500,-0.058268908
2023-02-23,12500,0
2023-02-24,12000,-0.040821995
2023-02-27,11500,-0.042559614
2023-02-28,11500,0
2023-03-01,11750,0.021506205
2023-03-02,11750,0
2023-03-03,11500,-0.021506205
2023-03-06,11600,0.008658063
2023-03-07,11700,0.008583744
2023-03-08,11900,0.016949558
2023-03-09,12500,0.049190244
2023-03-10,12400,-0.008032172
2023-03-13,12300,-0.00809721
2023-03-14,11900,-0.033060862
2023-03-15,12450,0.045182223
2023-03-16,12100,-0.02851517
2023-03-17,12350,0.02045061
2023-03-20,11850,-0.041328195
2023-03-21,12150,0.025001302
2023-03-22,12000,-0.01242252
2023-03-23,12150,0.01242252
2023-03-24,12300,0.012270093
2023-03-27,12550,0.020121403
2023-03-28,12500,-0.003992021
2023-03-29,12500,0
2023-03-30,12350,-0.012072581
2023-03-31,12400,0.00404041
2023-04-03,13150,0.058725286
2023-04-04,13150,0
2023-04-05,13400,0.018832948
2023-04-06,13000,-0.030305349
2023-04-07,13100,0.007662873
2023-04-10,13100,0
2023-04-11,13300,0.015151805
2023-04-12,13450,0.011215071
2023-04-13,13250,-0.014981554
2023-04-14,12650,-0.046340337
2023-04-17,12800,0.011787956
2023-04-18,13050,0.019342963
2023-04-19,12800,-0.019342963
2023-04-20,12850,0.00389864
2023-04-21,12700,-0.011741818
2023-04-24,12600,-0.00790518
2023-04-25,12600,0
2023-04-26,12800,0.015748357
2023-04-27,13150,0.026976588
2023-04-28,13150,0
2023-05-04,13400,0.018832948
2023-05-05,13800,0.029413885
2023-05-08,13900,0.007220248
2023-05-09,13900,0
2023-05-10,14000,0.007168489
2023-05-11,14450,0.031637085
2023-05-12,14600,0.010327114
2023-05-15,14000,-0.041964199
2023-05-16,14150,0.010657294
2023-05-17,13900,-0.017825784
2023-05-18,13950,0.003590668
2023-05-19,14150,0.014235116
2023-05-22,14500,0.024434025
2023-05-23,14300,-0.013889112
2023-05-24,14150,-0.010544913
2023-05-25,14350,0.014035318
2023-05-26,15000,0.044300259
2023-05-29,15450,0.029558802
2023-05-30,15600,0.009661911
2023-05-31,15450,-0.009661911
2023-06-01,16500,0.065751378
2023-06-02,17100,0.035718083
2023-06-05,17400,0.017391743
2023-06-06,18000,0.033901552
2023-06-07,19000,0.054067221
2023-06-08,17900,-0.059638266
2023-06-09,19100,0.064887622
2023-06-12,19500,0.020726131
2023-06-13,18950,-0.028610534
2023-06-14,18700,-0.013280408
2023-06-15,19000,0.015915455
2023-06-16,19100,0.005249356
2023-06-19,18550,-0.029218546
2023-06-20,19200,0.03444049
2023-06-21,20300,0.055710607
2023-06-22,20600,0.01467019
2023-06-23,20600,0
2023-06-26,20450,-0.007308193
2023-06-27,19900,-0.027263151
2023-06-28,19500,-0.020305266
2023-06-29,18600,-0.047252885
2023-06-30,19350,0.039530839
2023-07-03,19350,0
2023-07-04,19700,0.017926216
2023-07-05,19100,-0.030930301
2023-07-06,18900,-0.010526413
2023-07-07,18450,-0.024097552
2023-07-10,19400,0.050208696
2023-07-11,19150,-0.01297035
2023-07-12,19300,0.00780238
2023-07-13,20200,0.045577508
2023-07-14,20400,0.009852296
2023-07-17,20500,0.004889985
2023-07-18,20550,0.002436055
2023-07-19,20400,-0.00732604
2023-07-20,20750,0.017011346
2023-07-21,21350,0.028505493
2023-07-24,22000,0.029990714
2023-07-25,22000,0
2023-07-26,22700,0.031322471
2023-07-27,22850,0.006586193
2023-07-28,22550,-0.013216051
2023-07-31,22550,0
2023-08-01,22600,0.00221484
2023-08-02,22950,0.01536803
2023-08-03,23500,0.023682485
2023-08-04,23600,0.004246291
2023-08-07,23400,-0.00851069
2023-08-08,23000,-0.017241806
2023-08-09,22750,-0.010929071
2023-08-10,22050,-0.031252544
2023-08-11,22400,0.015748357
2023-08-14,22600,0.008888947
2023-08-15,23000,0.01754431
2023-08-16,22900,-0.004357305
2023-08-17,23650,0.032226204
2023-08-18,22000,-0.072320662
2023-08-21,21000,-0.046520016
2023-08-22,21400,0.018868484
2023-08-23,21450,0.002333723
2023-08-24,21950,0.023042494
2023-08-25,21900,-0.002280503
2023-08-28,22950,0.0468313
2023-08-29,23000,0.002176279
2023-08-30,23400,0.017241806
2023-08-31,24700,0.054067221
2023-09-05,24750,0.002022245
2023-09-06,25000,0.010050336
2023-09-07,24600,-0.016129382
2023-09-08,25700,0.043744549
2023-09-11,24300,-0.056014642
2023-09-12,25250,0.038349805
2023-09-13,25900,0.025416813
2023-09-14,24650,-0.049466068
2023-09-15,24550,-0.004065046
2023-09-18,23550,-0.041586034
2023-09-19,24200,0.027226813
2023-09-20,24500,0.012320484
2023-09-21,23750,-0.031090587
2023-09-22,22100,-0.072004922
2023-09-25,20600,-0.070286533
2023-09-26,19200,-0.070380797
2023-09-27,20500,0.065514607
2023-09-28,20950,0.02171376
2023-09-29,20800,-0.00718566
2023-10-02,20600,-0.009661911
2023-10-03,19200,-0.070380797
2023-10-04,19700,0.025708357
2023-10-05,19800,0.005063302
2023-10-06,20350,0.027398974
2023-10-09,20450,0.004901971
2023-10-10,20700,0.012150818
2023-10-11,21550,0.040242116
2023-10-12,21400,-0.006984895
2023-10-13,21500,0.004662013
2023-10-16,21700,0.009259325
2023-10-17,20200,-0.071629656
2023-10-18,20500,0.014742282
2023-10-19,19900,-0.029705154
2023-10-20,20950,0.051418915
2023-10-23,20650,-0.014423327
2023-10-24,21450,0.038009326
2023-10-25,20850,-0.028370697
2023-10-26,19400,-0.072080882
2023-10-27,19900,0.025446666
2023-10-30,18550,-0.070249943
2023-10-31,17300,-0.069763288
2023-11-01,18050,0.042439183
2023-11-02,19300,0.066959411
2023-11-03,19000,-0.015666117
2023-11-06,19850,0.043765028
2023-11-07,19550,-0.015228721
2023-11-08,20900,0.066773873
2023-11-09,21400,0.023641763
2023-11-10,21850,0.02081
2023-11-13,22000,0.006841532
2023-11-14,22150,0.006795043
2023-11-15,22200,0.002254792
2023-11-16,22400,0.00896867
2023-11-17,21600,-0.036367644
2023-11-20,21900,0.013793322
2023-11-21,22300,0.018100042
2023-11-22,23150,0.037408102
2023-11-23,21550,-0.071618964
2023-11-24,21800,0.011534153
2023-11-27,21200,-0.027908788
2023-11-28,21500,0.014051753
2023-11-29,21900,0.018433702
2023-11-30,21500,-0.018433702
2023-12-01,21800,0.013857035
2023-12-04,23300,0.066543391
2023-12-05,23550,0.01067246
2023-12-06,23950,0.016842503
2023-12-07,23400,-0.023232301
2023-12-08,23350,-0.002139038
2023-12-11,23050,-0.012931215
2023-12-12,23150,0.004329011
2023-12-13,22700,-0.019629856
2023-12-14,22350,-0.015538603
2023-12-15,22250,-0.004484312
2023-12-18,21950,-0.013574869
2023-12-19,22400,0.020293819
2023-12-20,22600,0.008888947
2023-12-21,22600,0
2023-12-22,22700,0.004415018
2023-12-25,23200,0.021787354
2023-12-26,23450,0.010718216
2023-12-27,23350,-0.004273511
2023-12-28,23400,0.002139038
2023-12-29,23600,0.00851069
2024-01-02,22150,-0.063409216
2024-01-03,22550,0.017897569
2024-01-04,22250,-0.013393057
2024-01-05,22150,-0.004504512
2024-01-08,22250,0.004504512
2024-01-09,22450,0.008948606
2024-01-10,22150,-0.013453118
2024-01-11,22100,-0.002259888
2024-01-12,21300,-0.036870536
2024-01-15,21000,-0.014184635
2024-01-16,21500,0.023530497
2024-01-17,21550,0.002322881
2024-01-18,21600,0.002317498
2024-01-19,21750,0.006920443
2024-01-22,21800,0.002296212
2024-01-23,21550,-0.011534153
2024-01-24,21450,-0.004651171
2024-01-25,21500,0.00232829
2024-01-26,21650,0.006952519
2024-01-29,21750,0.004608303
2024-01-30,21900,0.006872879
2024-01-31,21500,-0.018433702
2024-02-01,21450,-0.00232829
2024-02-02,21400,-0.002333723
2024-02-05,21200,-0.00938974
2024-02-06,21150,-0.002361276
2024-02-07,21500,0.01641303
2024-02-15,22000,0.022989518
2024-02-16,22350,0.015783868
2024-02-19,22250,-0.004484312
2024-02-20,22500,0.011173301
2024-02-21,22400,-0.00445435
2024-02-22,22300,-0.00447428
2024-02-23,21850,-0.020385757
2024-02-26,21750,-0.004587164
2024-02-27,22000,0.011428696
2024-02-28,22550,0.024692613
2024-02-29,22300,-0.011148387
2024-03-01,23200,0.0395656
2024-03-04,23150,-0.002157498
2024-03-05,23500,0.015005641
2024-03-06,22800,-0.030239885
2024-03-07,23050,0.010905233
2024-03-08,22600,-0.019715863
2024-03-11,22100,-0.022372298
2024-03-12,22000,-0.004535155
2024-03-13,22850,0.037908664
2024-03-14,22900,0.002185793
2024-03-15,23050,0.006528859
2024-03-18,22650,-0.017505918
2024-03-19,22550,-0.004424786
2024-03-20,23300,0.032718295
2024-03-21,23450,0.006417134
2024-03-22,24950,0.062003327
2024-03-25,24500,-0.018200705
2024-03-26,25100,0.024194729
2024-03-27,25050,-0.001994019
2024-03-28,24800,-0.010030174
2024-03-29,24900,0.00402415
2024-04-01,25200,0.011976191
2024-04-02,25500,0.011834458
2024-04-03,24550,-0.037966598
2024-04-04,24200,-0.014359221
2024-04-05,23450,-0.031482138
2024-04-08,23450,0
2024-04-09,23900,0.019007964
2024-04-10,23300,-0.025425098
2024-04-11,23100,-0.008620743
2024-04-12,23250,0.006472515
2024-04-15,21650,-0.071299678
2024-04-16,20850,-0.037651506
2024-04-17,20000,-0.041621675
2024-04-19,19700,-0.015113638
2024-04-22,20100,0.020101179
2024-04-23,19450,-0.032872745
2024-04-24,20300,0.042773816
2024-04-25,20800,0.024332101
2024-04-26,20400,-0.019418086
2024-05-02,20950,0.026603746
2024-05-03,20650,-0.014423327
2024-05-06,21300,0.030991753
2024-05-07,21900,0.027779564
2024-05-08,21850,-0.002285715
2024-05-09,21650,-0.009195467
2024-05-10,21700,0.002306806
2024-05-13,22100,0.018265348
2024-05-14,22100,0
2024-05-15,22450,0.015713006
2024-05-16,22500,0.002224695
2024-05-17,22900,0.017621601
2024-05-20,23300,0.01731645
2024-05-21,23300,0
2024-05-22,22700,-0.026088436
2024-05-23,23700,0.043110124
2024-05-24,23000,-0.029980832
2024-05-27,23950,0.040474108
2024-05-28,24000,0.002085506
2024-05-29,23600,-0.016807118
2024-05-30,23600,0
2024-05-31,23300,-0.012793351
2024-06-03,23800,0.02123222
2024-06-04,23850,0.002098637
2024-06-05,23600,-0.010537505
2024-06-06,23600,0
2024-06-07,23900,0.012631747
2024-06-10,23900,0
2024-06-11,23250,-0.027573327
2024-06-12,23550,0.012820688
2024-06-13,23700,0.006349228
2024-06-14,23700,0
2024-06-17,23800,0.004210533
2024-06-18,23900,0.004192878
2024-06-19,23850,-0.002094242
2024-06-20,23300,-0.023330857
2024-06-21,23200,-0.004301082
2024-06-24,22000,-0.053109825
2024-06-25,22400,0.018018506
2024-06-26,22250,-0.00671895
2024-06-27,22350,0.004484312
2024-06-28,22100,-0.011248713
2024-07-01,22250,0.0067644
2024-07-02,22500,0.011173301
2024-07-03,22550,0.002219757
2024-07-04,22700,0.006629859
2024-07-05,22800,0.004395611
2024-07-08,22800,0
2024-07-09,23700,0.038714512
2024-07-10,23350,-0.014878064
2024-07-11,23200,-0.006444705
2024-07-12,23000,-0.008658063
2024-07-15,23500,0.021506205
2024-07-16,23000,-0.021506205
2024-07-17,22100,-0.039916607
2024-07-18,22700,0.026787316
2024-07-19,22100,-0.026787316
2024-07-22,22100,0
2024-07-23,21850,-0.011376687
2024-07-24,22500,0.029314388
2024-07-25,22400,-0.00445435
2024-07-26,22600,0.008888947
2024-07-29,22550,-0.00221484
2024-07-30,22750,0.008830079
2024-07-31,22750,0
2024-08-01,21500,-0.05651221
2024-08-02,21500,0
2024-08-05,20300,-0.057432049
2024-08-06,20850,0.026733062
2024-08-07,21050,0.009546612
2024-08-08,20800,-0.011947573
2024-08-09,21450,0.030771659
2024-08-12,21500,0.00232829
2024-08-13,21200,-0.014051753
2024-08-14,20900,-0.014252023
2024-08-15,20700,-0.009615459
2024-08-16,21500,0.037919235
2024-08-19,21500,0
2024-08-20,21850,0.016147986
2024-08-21,21850,0
2024-08-22,21700,-0.006888661
2024-08-23,21600,-0.004618946
2024-08-26,21600,0
2024-08-27,21600,0
2024-08-28,21500,-0.00464038
2024-08-29,21200,-0.014051753
2024-08-30,21150,-0.002361276
2024-09-04,21200,0.002361276
2024-09-05,21150,-0.002361276
2024-09-06,21150,0
2024-09-09,21000,-0.007117468
2024-09-10,20800,-0.009569451
2024-09-11,20750,-0.00240674
2024-09-12,20800,0.00240674
2024-09-13,20600,-0.009661911
2024-09-16,20300,-0.01467019
2024-09-17,20800,0.024332101
2024-09-18,20750,-0.00240674
2024-09-19,20750,0
2024-09-20,20950,0.0095924
2024-09-23,20750,-0.0095924
2024-09-24,21100,0.016726794
2024-09-25,21350,0.011778699
2024-09-26,21300,-0.002344667
2024-09-27,21400,0.004683849
2024-09-30,21750,0.016222836
2024-10-01,21750,0
2024-10-02,21450,-0.013889112
2024-10-03,21200,-0.011723464
2024-10-04,21200,0
2024-10-07,20900,-0.014252023
2024-10-08,20800,-0.004796172
2024-10-09,20950,0.00718566
2024-10-10,21150,0.009501259
2024-10-11,21000,-0.007117468
2024-10-14,20600,-0.019231362
2024-10-15,20400,-0.009756175
2024-10-16,20300,-0.004914015
2024-10-17,20400,0.004914015
2024-10-18,20500,0.004889985
2024-10-21,20850,0.016929062
2024-10-22,20750,-0.004807702
2024-10-23,20600,-0.007255171
2024-10-24,20500,-0.00486619
2024-10-25,20450,-0.002442004
2024-10-28,20600,0.007308193
2024-10-29,20800,0.009661911
2024-10-30,20500,-0.014528101
2024-10-31,20400,-0.004889985
2024-11-01,20200,-0.009852296
2024-11-04,19800,-0.020000667
2024-11-05,19700,-0.005063302
2024-11-06,20200,0.025063969
2024-11-07,20100,-0.004962789
2024-11-08,19850,-0.012515808
2024-11-11,19700,-0.007585371
2024-11-12,19450,-0.012771566
2024-11-13,19000,-0.023408091
2024-11-14,18200,-0.043017385
2024-11-15,18400,0.010929071
2024-11-18,18050,-0.01920498
2024-11-19,17200,-0.048236301
2024-11-20,17450,0.014430265
2024-11-21,18100,0.03657229
2024-11-22,18050,-0.002766253
2024-11-25,18700,0.035377839
2024-11-26,18650,-0.002677378
2024-11-27,18650,0
2024-11-28,18850,0.010666768
2024-11-29,18800,-0.002656044
2024-12-02,18750,-0.002663117
2024-12-03,18700,-0.002670229
2024-12-04,18650,-0.002677378
2024-12-05,19300,0.03425895
2024-12-06,19050,-0.013037994
2024-12-09,19050,0
2024-12-10,18950,-0.00526317
2024-12-11,18600,-0.018642351
2024-12-12,18650,0.002684565
2024-12-13,18500,-0.008075414
2024-12-16,19000,0.026668247
2024-12-17,19150,0.007863736
2024-12-18,19400,0.01297035
2024-12-19,19200,-0.010362787
2024-12-20,19450,0.012936791
2024-12-23,19250,-0.010336009
2024-12-24,19300,0.002594035
2024-12-25,19350,0.002587324
2024-12-26,19350,0
2024-12-27,19350,0
2024-12-30,19150,-0.010389704
2024-12-31,19100,-0.002614381
2025-01-02,19000,-0.005249356
2025-01-03,18400,-0.032088315
2025-01-06,18000,-0.021978907
2025-01-07,18150,0.008298803
2025-01-08,18200,0.002751033
2025-01-09,18550,0.019048195
2025-01-10,18600,0.002691792
2025-01-13,18600,0
2025-01-14,18600,0
2025-01-15,18950,0.018642351
2025-01-16,19100,0.007884404
2025-01-17,19100,0
2025-01-20,18950,-0.007884404
2025-01-21,18950,0
2025-01-22,18700,-0.013280408
2025-01-23,18900,0.010638398
2025-01-24,20200,0.066520682
2025-02-03,21000,0.038839833
2025-02-04,21200,0.009478744
2025-02-05,21400,0.00938974
2025-02-06,21450,0.002333723
2025-02-07,21500,0.00232829
2025-02-10,21000,-0.023530497
2025-02-11,21200,0.009478744
2025-02-12,21550,0.016374635
2025-02-13,22200,0.029716472
2025-02-14,22000,-0.009049836
2025-02-17,22450,0.020248161
2025-02-18,22500,0.002224695
2025-02-19,22700,0.008849615
2025-02-20,22500,-0.008849615
2025-02-21,22450,-0.002224695
2025-02-24,22900,0.019846296
2025-02-25,22900,0
2025-02-26,22900,0
2025-02-27,22550,-0.015401845
2025-02-28,22750,0.008830079
2025-03-03,23250,0.021739987
2025-03-04,23200,-0.002152853
