Date,Price,Return
04/01/16,53000,0
05/01/16,53500,0.00938974
06/01/16,53500,0
07/01/16,53000,-0.00938974
08/01/16,52500,-0.009478744
11/01/16,53000,0.009478744
12/01/16,53000,0
13/01/16,53000,0
14/01/16,53000,0
15/01/16,53000,0
18/01/16,53000,0
19/01/16,54000,0.018692133
21/01/16,54000,0
22/01/16,52500,-0.028170877
25/01/16,53500,0.018868484
26/01/16,53500,0
27/01/16,54500,0.018519048
28/01/16,55000,0.009132484
29/01/16,58000,0.053109825
01/02/16,57000,-0.017391743
02/02/16,57000,0
03/02/16,56500,-0.00881063
04/02/16,59000,0.043296806
05/02/16,59000,0
15/02/16,60000,0.016807118
16/02/16,61000,0.016529302
17/02/16,64000,0.048009219
18/02/16,65500,0.023167059
19/02/16,69000,0.052056362
22/02/16,69000,0
23/02/16,68000,-0.014598799
24/02/16,70000,0.028987537
25/02/16,67500,-0.036367644
26/02/16,68500,0.014706147
29/02/16,67000,-0.022141126
01/03/16,67500,0.007434978
02/03/16,71500,0.057569852
03/03/16,69500,-0.028370697
04/03/16,68500,-0.014493007
07/03/16,69000,0.007272759
08/03/16,69500,0.007220248
09/03/16,70000,0.007168489
10/03/16,70000,0
11/03/16,70000,0
14/03/16,72500,0.03509132
15/03/16,72000,-0.006920443
16/03/16,72000,0
17/03/16,74000,0.027398974
18/03/16,75000,0.01342302
21/03/16,75000,0
22/03/16,75000,0
23/03/16,76000,0.013245227
24/03/16,76500,0.006557401
25/03/16,76000,-0.006557401
28/03/16,77000,0.013072082
29/03/16,76500,-0.006514681
30/03/16,76500,0
31/03/16,74500,-0.026491615
01/04/16,75500,0.013333531
04/04/16,74500,-0.013333531
05/04/16,73500,-0.013513719
06/04/16,75000,0.020202707
07/04/16,77000,0.026317308
08/04/16,80000,0.038221213
11/04/16,80500,0.00623055
12/04/16,80500,0
13/04/16,79500,-0.012500163
14/04/16,78500,-0.012658397
15/04/16,79000,0.006349228
19/04/16,79000,0
20/04/16,80000,0.012578782
21/04/16,79500,-0.006269613
22/04/16,78500,-0.012658397
25/04/16,78000,-0.006389798
26/04/16,75500,-0.03257617
27/04/16,75500,0
28/04/16,73000,-0.033673215
29/04/16,74000,0.013605652
04/05/16,75000,0.01342302
05/05/16,73500,-0.020202707
06/05/16,73500,0
09/05/16,74500,0.013513719
10/05/16,73500,-0.013513719
12/05/16,72000,-0.020619287
13/05/16,71000,-0.013986242
16/05/16,68000,-0.043172172
17/05/16,70000,0.028987537
18/05/16,69000,-0.014388737
19/05/16,69000,0
20/05/16,71000,0.028573372
23/05/16,71000,0
24/05/16,71000,0
25/05/16,70500,-0.007067167
26/05/16,70000,-0.007117468
27/05/16,71000,0.014184635
30/05/16,70500,-0.007067167
31/05/16,70500,0
01/06/16,70500,0
02/06/16,72500,0.027973852
03/06/16,71000,-0.020906685
06/06/16,71000,0
07/06/16,74000,0.041385216
08/06/16,74500,0.006734032
09/06/16,74000,-0.006734032
10/06/16,73000,-0.013605652
13/06/16,74000,0.013605652
14/06/16,73000,-0.013605652
15/06/16,73000,0
16/06/16,74500,0.020339684
17/06/16,78500,0.052299499
20/06/16,78500,0
21/06/16,79000,0.006349228
22/06/16,79500,0.006309169
23/06/16,80500,0.012500163
24/06/16,80000,-0.00623055
27/06/16,79500,-0.006269613
28/06/16,79500,0
29/06/16,85000,0.066894235
30/06/16,86500,0.017493157
01/07/16,89000,0.028491956
04/07/16,91500,0.027702603
05/07/16,87500,-0.044700179
06/07/16,90500,0.033711057
07/07/16,90000,-0.00554018
08/07/16,86500,-0.039665256
11/07/16,82000,-0.053425167
12/07/16,83000,0.012121361
13/07/16,84500,0.017910927
14/07/16,81000,-0.04230238
15/07/16,81000,0
18/07/16,82000,0.012270093
19/07/16,83000,0.012121361
20/07/16,83000,0
21/07/16,84000,0.011976191
22/07/16,87000,0.03509132
25/07/16,88500,0.017094433
26/07/16,89500,0.011236073
27/07/16,95500,0.064887622
28/07/16,97000,0.015584731
29/07/16,1.00E+05,0.030459207
01/08/16,97000,-0.030459207
02/08/16,95000,-0.020834087
03/08/16,94500,-0.005277057
04/08/16,94500,0
05/08/16,95000,0.005277057
08/08/16,97000,0.020834087
09/08/16,102000,0.050261835
10/08/16,102000,0
11/08/16,1.00E+05,-0.019802627
12/08/16,1.00E+05,0
15/08/16,105000,0.048790164
16/08/16,106000,0.009478744
17/08/16,108000,0.018692133
18/08/16,105000,-0.028170877
19/08/16,102000,-0.028987537
22/08/16,1.00E+05,-0.019802627
23/08/16,101000,0.009950331
24/08/16,102000,0.009852296
25/08/16,101000,-0.009852296
26/08/16,99500,-0.014962873
29/08/16,95000,-0.046280753
30/08/16,95000,0
31/08/16,95000,0
01/09/16,97000,0.020834087
05/09/16,1.00E+05,0.030459207
06/09/16,1.00E+05,0
07/09/16,99500,-0.005012542
08/09/16,97000,-0.025446666
09/09/16,97000,0
12/09/16,97500,0.0051414
13/09/16,97900,0.004094172
14/09/16,98000,0.001020929
15/09/16,98000,0
16/09/16,97500,-0.005115101
19/09/16,97000,-0.0051414
20/09/16,98000,0.0102565
21/09/16,102000,0.040005335
22/09/16,103500,0.014598799
23/09/16,102500,-0.009708814
26/09/16,101100,-0.013752673
27/09/16,106000,0.047328968
28/09/16,105800,-0.001888575
29/09/16,104400,-0.013320844
30/09/16,106800,0.022728251
03/10/16,109000,0.020389956
04/10/16,106200,-0.026023773
05/10/16,105000,-0.011363759
06/10/16,106500,0.014184635
07/10/16,106000,-0.004705891
10/10/16,105400,-0.005676458
11/10/16,103900,-0.014333738
12/10/16,103000,-0.00869991
13/10/16,106400,0.032476589
14/10/16,106400,0
17/10/16,105500,-0.008494624
18/10/16,106000,0.004728141
19/10/16,106400,0.003766483
20/10/16,108400,0.018622512
21/10/16,108000,-0.003696862
24/10/16,103400,-0.043526265
25/10/16,104700,0.012494156
26/10/16,103800,-0.008633147
27/10/16,105500,0.016244982
28/10/16,112800,0.066905386
31/10/16,114600,0.015831465
01/11/16,114700,0.00087222
02/11/16,112000,-0.023821153
03/11/16,111000,-0.00896867
04/11/16,110000,-0.009049836
07/11/16,110500,0.004535155
08/11/16,114000,0.031182927
09/11/16,113500,-0.004395611
10/11/16,113100,-0.003530454
11/11/16,111800,-0.011560822
14/11/16,108500,-0.029961388
15/11/16,108500,0
16/11/16,108500,0
17/11/16,107900,-0.005545301
18/11/16,106000,-0.017765778
21/11/16,106000,0
22/11/16,105000,-0.009478744
23/11/16,105500,0.004750603
24/11/16,105700,0.00189394
25/11/16,106000,0.002834201
28/11/16,104000,-0.019048195
29/11/16,103000,-0.009661911
30/11/16,103900,0.00869991
01/12/16,104000,0.000962001
02/12/16,104000,0
05/12/16,103900,-0.000962001
06/12/16,1.00E+05,-0.038258712
07/12/16,96900,-0.031490667
08/12/16,98700,0.018405428
09/12/16,98500,-0.002028398
12/12/16,97500,-0.01020417
13/12/16,94500,-0.031252544
14/12/16,96900,0.025079684
15/12/16,96000,-0.009331327
16/12/16,99800,0.038819992
19/12/16,99600,-0.002006019
20/12/16,98000,-0.016194686
21/12/16,98000,0
22/12/16,99000,0.010152371
23/12/16,95000,-0.041242959
26/12/16,97000,0.020834087
27/12/16,97000,0
28/12/16,96000,-0.010362787
29/12/16,96000,0
30/12/16,95900,-0.00104221
03/01/17,97000,0.011404997
04/01/17,95500,-0.015584731
05/01/17,98500,0.030930301
06/01/17,98800,0.003041057
09/01/17,95500,-0.033971357
10/01/17,96300,0.008342071
11/01/17,97500,0.012384059
12/01/17,97400,-0.001026167
13/01/17,97400,0
16/01/17,96900,-0.005146692
17/01/17,94700,-0.022965519
18/01/17,94700,0
19/01/17,94900,0.002109705
20/01/17,94500,-0.004223871
23/01/17,94300,-0.002118645
24/01/17,93200,-0.011733468
25/01/17,96000,0.02960047
02/02/17,94900,-0.011524486
03/02/17,93000,-0.020224212
06/02/17,91000,-0.021739987
07/02/17,94000,0.032435276
08/02/17,97500,0.036557596
09/02/17,98000,0.005115101
10/02/17,97900,-0.001020929
13/02/17,103500,0.055625063
14/02/17,102400,-0.0106849
15/02/17,101500,-0.008827914
16/02/17,100500,-0.009901071
17/02/17,99900,-0.005988042
20/02/17,102000,0.020803128
21/02/17,101700,-0.00294551
22/02/17,99200,-0.024889289
23/02/17,99700,0.005027663
24/02/17,99600,-0.001003512
27/02/17,96500,-0.031619156
28/02/17,96900,0.004136511
01/03/17,96900,0
02/03/17,98000,0.01128796
03/03/17,98000,0
06/03/17,97000,-0.0102565
07/03/17,102000,0.050261835
08/03/17,99000,-0.029852963
09/03/17,101700,0.026907453
10/03/17,1.00E+05,-0.016857117
13/03/17,102600,0.025667747
14/03/17,103500,0.00873368
15/03/17,103500,0
16/03/17,102000,-0.014598799
17/03/17,102000,0
20/03/17,102000,0
21/03/17,104000,0.019418086
22/03/17,101500,-0.024332101
23/03/17,102300,0.007850874
24/03/17,103300,0.009727703
27/03/17,101800,-0.014627272
28/03/17,101200,-0.005911347
29/03/17,101200,0
30/03/17,101900,0.006893183
31/03/17,103500,0.015579672
03/04/17,106600,0.029511899
04/04/17,105900,-0.006588259
05/04/17,104000,-0.018104353
07/04/17,103000,-0.009661911
10/04/17,103000,0
11/04/17,104500,0.014458083
12/04/17,103100,-0.01348768
13/04/17,103000,-0.000970403
14/04/17,103900,0.00869991
17/04/17,103500,-0.003857285
18/04/17,105000,0.014388737
19/04/17,107000,0.018868484
20/04/17,113000,0.054558984
21/04/17,113000,0
24/04/17,120000,0.060103924
25/04/17,120000,0
26/04/17,122500,0.020619287
27/04/17,124300,0.014586969
28/04/17,130000,0.044836452
03/05/17,128000,-0.015504187
04/05/17,123000,-0.039845909
05/05/17,130000,0.055350095
08/05/17,125400,-0.036025822
09/05/17,126500,0.00873368
10/05/17,129900,0.026522616
11/05/17,128000,-0.01473466
12/05/17,128100,0.000780945
15/05/17,127000,-0.008624122
16/05/17,125000,-0.015873349
17/05/17,128700,0.029170377
18/05/17,127100,-0.012509936
19/05/17,127200,0.000786473
22/05/17,126000,-0.009478744
23/05/17,129500,0.027398974
24/05/17,132500,0.022901764
25/05/17,133000,0.003766483
26/05/17,133000,0
29/05/17,130500,-0.018975901
30/05/17,128000,-0.019342963
31/05/17,127900,-0.000781555
01/06/17,126100,-0.014173466
02/06/17,128400,0.018075148
05/06/17,126000,-0.018868484
06/06/17,126000,0
07/06/17,125700,-0.002383791
08/06/17,125000,-0.005584378
09/06/17,126000,0.00796817
12/06/17,126000,0
13/06/17,124300,-0.013583908
14/06/17,124500,0.001607717
15/06/17,126900,0.019093659
16/06/17,127800,0.007067167
19/06/17,129800,0.015528262
20/06/17,134500,0.035569395
21/06/17,138500,0.029306127
22/06/17,138800,0.002163722
23/06/17,137000,-0.013053122
26/06/17,135900,-0.008061605
27/06/17,133600,-0.01706906
28/06/17,135400,0.013383099
29/06/17,137500,0.015390557
30/06/17,137700,0.001453489
03/07/17,138000,0.002176279
04/07/17,134600,-0.024946268
05/07/17,135500,0.006664223
06/07/17,135900,0.002947681
07/07/17,135700,-0.001472754
10/07/17,135000,-0.005171788
11/07/17,135000,0
12/07/17,136000,0.007380107
13/07/17,143900,0.056463728
14/07/17,145500,0.011057473
17/07/17,145000,-0.003442344
18/07/17,145100,0.000689417
19/07/17,149000,0.026523146
20/07/17,148000,-0.006734032
21/07/17,137700,-0.072134868
24/07/17,128100,-0.072266197
25/07/17,122500,-0.044700179
26/07/17,123400,0.007320081
27/07/17,122000,-0.011410067
28/07/17,122700,0.005721307
31/07/17,125000,0.018571386
01/08/17,121100,-0.031697087
02/08/17,120000,-0.009124908
03/08/17,118000,-0.016807118
04/08/17,116700,-0.011078085
07/08/17,120000,0.027885203
08/08/17,120900,0.007472015
09/08/17,118900,-0.016680954
10/08/17,119500,0.005033568
11/08/17,119700,0.001672241
14/08/17,121600,0.015748357
15/08/17,122900,0.010634047
16/08/17,123000,0.000813339
17/08/17,122000,-0.008163311
18/08/17,121500,-0.004106782
21/08/17,121500,0
22/08/17,121500,0
23/08/17,120000,-0.01242252
24/08/17,119600,-0.003338901
25/08/17,117700,-0.016013827
28/08/17,116500,-0.010247741
29/08/17,115000,-0.012959145
30/08/17,117000,0.017241806
31/08/17,115100,-0.016372619
01/09/17,117000,0.016372619
05/09/17,116800,-0.001710864
06/09/17,115900,-0.00773532
07/09/17,119000,0.026395743
08/09/17,120300,0.01086513
11/09/17,119300,-0.008347294
12/09/17,118000,-0.010956705
13/09/17,119900,0.015973438
14/09/17,117000,-0.024484127
15/09/17,119000,0.016949558
18/09/17,118500,-0.004210533
19/09/17,125000,0.053400777
20/09/17,126900,0.015085637
21/09/17,126000,-0.007117468
22/09/17,124000,-0.016000341
25/09/17,124900,0.007231852
26/09/17,122000,-0.023492372
27/09/17,122500,0.004089985
28/09/17,122000,-0.004089985
29/09/17,123100,0.008975988
02/10/17,123900,0.006477755
03/10/17,123000,-0.007290433
04/10/17,123400,0.003246756
05/10/17,123500,0.000810045
06/10/17,122000,-0.012220111
09/10/17,126000,0.032260862
10/10/17,125000,-0.00796817
11/10/17,124500,-0.004008021
12/10/17,121000,-0.02851517
13/10/17,123700,0.022068734
16/10/17,122400,-0.010564909
17/10/17,122900,0.004076646
18/10/17,125000,0.016942721
19/10/17,125400,0.003194891
20/10/17,127000,0.012678458
23/10/17,134000,0.053652713
24/10/17,134100,0.00074599
25/10/17,135500,0.01038585
26/10/17,138000,0.018282045
27/10/17,135100,-0.02123844
30/10/17,136000,0.006639641
31/10/17,135100,-0.006639641
01/11/17,136000,0.006639641
02/11/17,137000,0.00732604
03/11/17,136000,-0.00732604
06/11/17,141000,0.036105005
07/11/17,141000,0
08/11/17,139000,-0.014285957
09/11/17,139500,0.003590668
10/11/17,139500,0
13/11/17,141000,0.010695289
14/11/17,138000,-0.021506205
15/11/17,138400,0.002894358
16/11/17,139300,0.006481838
17/11/17,139500,0.00143472
20/11/17,139500,0
21/11/17,140000,0.003577821
22/11/17,143000,0.021202208
23/11/17,143000,0
24/11/17,140000,-0.021202208
27/11/17,141000,0.007117468
28/11/17,140800,-0.001419447
29/11/17,140000,-0.005698021
30/11/17,140800,0.005698021
01/12/17,140000,-0.005698021
04/12/17,135800,-0.030459207
05/12/17,136000,0.001471671
06/12/17,138000,0.014598799
07/12/17,138000,0
08/12/17,138700,0.005059642
11/12/17,138000,-0.005059642
12/12/17,137500,-0.003629768
13/12/17,139900,0.017303965
14/12/17,139500,-0.00286328
15/12/17,139100,-0.002871502
18/12/17,139800,0.005019731
19/12/17,139800,0
20/12/17,136000,-0.027557944
21/12/17,137700,0.01242252
22/12/17,137500,-0.001453489
25/12/17,132000,-0.040821995
26/12/17,132500,0.003780723
27/12/17,133000,0.003766483
28/12/17,133000,0
29/12/17,133000,0
02/01/18,134000,0.007490672
03/01/18,133900,-0.000746547
04/01/18,132400,-0.011265609
05/01/18,130200,-0.016755914
08/01/18,133000,0.021277398
09/01/18,133000,0
10/01/18,133000,0
11/01/18,133000,0
12/01/18,134200,0.008982096
15/01/18,139000,0.035142709
16/01/18,138900,-0.000719683
17/01/18,137000,-0.013773324
18/01/18,138000,0.007272759
19/01/18,140100,0.015102768
22/01/18,139000,-0.00788252
25/01/18,148700,0.06745692
26/01/18,149400,0.004696419
29/01/18,149500,0.00066912
30/01/18,149000,-0.003350087
31/01/18,147500,-0.01011813
01/02/18,146500,-0.006802747
02/02/18,145000,-0.010291686
05/02/18,143000,-0.013889112
06/02/18,138500,-0.031974305
07/02/18,140000,0.010772097
08/02/18,137500,-0.018018506
09/02/18,137400,-0.000727537
12/02/18,138000,0.004357305
13/02/18,138000,0
21/02/18,140000,0.014388737
22/02/18,139000,-0.007168489
23/02/18,137800,-0.008670575
26/02/18,137400,-0.002906979
27/02/18,136500,-0.006571765
28/02/18,135900,-0.004405293
01/03/18,136000,0.000735565
02/03/18,136000,0
05/03/18,136200,0.001469508
06/03/18,135900,-0.002205073
07/03/18,135900,0
08/03/18,136000,0.000735565
09/03/18,135000,-0.007380107
12/03/18,135000,0
13/03/18,135000,0
14/03/18,135100,0.000740467
15/03/18,135100,0
16/03/18,135000,-0.000740467
19/03/18,135000,0
20/03/18,135000,0
21/03/18,133600,-0.010424517
22/03/18,134300,0.005225842
23/03/18,134400,0.000744325
26/03/18,135000,0.00445435
27/03/18,135000,0
28/03/18,137300,0.016893534
29/03/18,140500,0.023039176
30/03/18,140500,0
02/04/18,141000,0.003552402
03/04/18,139500,-0.010695289
04/04/18,138000,-0.010810916
05/04/18,139000,0.007220248
06/04/18,138000,-0.007220248
09/04/18,133600,-0.032403424
10/04/18,131000,-0.019652938
11/04/18,132000,0.007604599
12/04/18,132900,0.006795043
13/04/18,133600,0.005253295
16/04/18,133500,-0.000748783
17/04/18,133100,-0.003000752
18/04/18,132500,-0.00451808
19/04/18,132500,0
20/04/18,131000,-0.011385322
23/04/18,129900,-0.0084324
24/04/18,128900,-0.007728014
26/04/18,127000,-0.014849823
27/04/18,127000,0
02/05/18,126000,-0.00790518
03/05/18,126000,0
04/05/18,126000,0
07/05/18,122000,-0.032260862
08/05/18,120200,-0.014864023
09/05/18,120000,-0.001665279
10/05/18,120000,0
11/05/18,116500,-0.02960047
14/05/18,117000,0.004282662
15/05/18,117000,0
16/05/18,119000,0.016949558
17/05/18,116000,-0.025533302
18/05/18,113900,-0.018269321
21/05/18,113900,0
22/05/18,113800,-0.000878349
23/05/18,115000,0.010489607
24/05/18,115000,0
25/05/18,115000,0
28/05/18,107500,-0.067441281
29/05/18,107500,0
30/05/18,107500,0
31/05/18,110900,0.031138047
01/06/18,110900,0
04/06/18,107600,-0.030208247
05/06/18,106500,-0.010275663
06/06/18,103700,-0.02664287
07/06/18,105900,0.020993137
08/06/18,105000,-0.008534902
11/06/18,105000,0
12/06/18,105000,0
13/06/18,104700,-0.002861232
14/06/18,105000,0.002861232
15/06/18,104600,-0.003816799
18/06/18,104700,0.000955566
19/06/18,103500,-0.011527505
20/06/18,101200,-0.022472856
21/06/18,102300,0.010810916
22/06/18,102000,-0.00293686
25/06/18,101500,-0.004914015
26/06/18,101500,0
27/06/18,102900,0.013698844
28/06/18,102000,-0.00878483
29/06/18,102300,0.00293686
02/07/18,101800,-0.004899569
03/07/18,99900,-0.018840418
04/07/18,99900,0
05/07/18,98700,-0.012084739
06/07/18,94200,-0.046664765
09/07/18,94000,-0.002125399
10/07/18,91300,-0.029143995
11/07/18,90000,-0.014341117
12/07/18,91000,0.011049836
13/07/18,91300,0.003291281
16/07/18,91000,-0.003291281
17/07/18,90500,-0.005509656
18/07/18,91200,0.007705046
19/07/18,90500,-0.007705046
20/07/18,89000,-0.016713481
23/07/18,88000,-0.011299555
24/07/18,85700,-0.026483989
25/07/18,85200,-0.005851392
26/07/18,85400,0.002344667
27/07/18,85400,0
30/07/18,88700,0.037913789
31/07/18,87500,-0.013621096
01/08/18,91000,0.039220713
02/08/18,91700,0.007662873
03/08/18,88600,-0.034390522
06/08/18,90000,0.015677813
07/08/18,93000,0.032789823
08/08/18,90100,-0.031679329
09/08/18,91000,0.009939342
10/08/18,91000,0
13/08/18,86500,-0.050715093
14/08/18,91000,0.050715093
15/08/18,90500,-0.005509656
16/08/18,88900,-0.017837708
17/08/18,89600,0.007843177
20/08/18,89500,-0.001116695
21/08/18,87047,-0.027790423
22/08/18,87436,0.004458894
23/08/18,86074,-0.015699706
24/08/18,88506,0.027862955
27/08/18,90062,0.017427976
28/08/18,88992,-0.011951844
29/08/18,87533,-0.016530613
30/08/18,88992,0.016530613
31/08/18,88506,-0.005476132
04/09/18,88700,0.002189543
05/09/18,88800,0.001126761
06/09/18,88000,-0.009049836
07/09/18,88900,0.010175328
10/09/18,88800,-0.001125493
11/09/18,88700,-0.001126761
12/09/18,88900,0.002252253
13/09/18,89000,0.001124227
14/09/18,92000,0.033152207
17/09/18,90000,-0.021978907
18/09/18,91400,0.015435808
19/09/18,97700,0.066656081
20/09/18,103800,0.060564412
21/09/18,103600,-0.001928641
24/09/18,98900,-0.046428091
25/09/18,103300,0.043528137
26/09/18,104400,0.010592299
27/09/18,104500,0.000957396
28/09/18,102000,-0.024214258
01/10/18,102800,0.00781254
02/10/18,102000,-0.00781254
03/10/18,102000,0
04/10/18,101000,-0.009852296
05/10/18,1.00E+05,-0.009950331
08/10/18,1.00E+05,0
09/10/18,101000,0.009950331
10/10/18,1.00E+05,-0.009950331
11/10/18,96100,-0.03978087
12/10/18,96100,0
15/10/18,96100,0
16/10/18,97900,0.018557234
17/10/18,96000,-0.019598358
18/10/18,95000,-0.0104713
19/10/18,95000,0
22/10/18,94900,-0.001053186
23/10/18,94000,-0.009528923
24/10/18,92000,-0.021506205
25/10/18,91000,-0.010929071
26/10/18,91000,0
29/10/18,90500,-0.005509656
30/10/18,90000,-0.00554018
31/10/18,90000,0
01/11/18,89000,-0.011173301
02/11/18,90000,0.011173301
05/11/18,90000,0
06/11/18,89900,-0.001111729
07/11/18,90000,0.001111729
08/11/18,89900,-0.001111729
09/11/18,87400,-0.028202659
12/11/18,86800,-0.006888661
13/11/18,86700,-0.001152738
14/11/18,87000,0.003454235
15/11/18,87900,0.010291686
16/11/18,89900,0.022498137
19/11/18,88700,-0.013438052
20/11/18,88700,0
21/11/18,88000,-0.007923075
22/11/18,87800,-0.002275314
23/11/18,88700,0.010198389
26/11/18,88700,0
27/11/18,87900,-0.009060085
28/11/18,87000,-0.010291686
29/11/18,83700,-0.038669141
30/11/18,83600,-0.001195457
03/12/18,85000,0.016607736
04/12/18,84900,-0.001177163
05/12/18,84900,0
06/12/18,84700,-0.002358492
07/12/18,84700,0
10/12/18,84700,0
11/12/18,83500,-0.01426897
12/12/18,86000,0.029500664
13/12/18,84100,-0.022340729
14/12/18,84200,0.001188354
17/12/18,84900,0.008279172
18/12/18,84400,-0.005906692
19/12/18,84500,0.001184133
20/12/18,84400,-0.001184133
21/12/18,85000,0.007083855
24/12/18,84000,-0.011834458
25/12/18,83800,-0.002383791
26/12/18,83000,-0.0095924
27/12/18,83000,0
28/12/18,85500,0.029675768
02/01/19,83000,-0.029675768
03/01/19,83900,0.010785006
04/01/19,81400,-0.03025034
07/01/19,81500,0.001227747
08/01/19,82200,0.008552282
09/01/19,82100,-0.001217286
10/01/19,82600,0.006071664
11/01/19,82600,0
14/01/19,82800,0.002418381
15/01/19,82000,-0.009708814
16/01/19,83400,0.016929062
17/01/19,82000,-0.016929062
18/01/19,82900,0.010915815
21/01/19,83400,0.006013247
22/01/19,83000,-0.004807702
23/01/19,83000,0
24/01/19,82000,-0.012121361
25/01/19,81600,-0.004889985
28/01/19,81900,0.003669729
29/01/19,81900,0
30/01/19,82000,0.001220256
31/01/19,81900,-0.001220256
01/02/19,81800,-0.001221747
11/02/19,81500,-0.003674223
12/02/19,81900,0.004895971
13/02/19,82400,0.006086446
14/02/19,82100,-0.00364742
15/02/19,86000,0.04640928
18/02/19,85500,-0.00583092
19/02/19,85500,0
20/02/19,84000,-0.017699577
21/02/19,83900,-0.001191185
22/02/19,82500,-0.01682732
25/02/19,82500,0
26/02/19,82900,0.004836769
27/02/19,82900,0
28/02/19,82800,-0.001207001
01/03/19,82800,0
04/03/19,84300,0.017953804
05/03/19,84000,-0.003565066
06/03/19,85500,0.017699577
07/03/19,86000,0.00583092
08/03/19,88800,0.032039354
11/03/19,89900,0.012311291
12/03/19,90000,0.001111729
13/03/19,88000,-0.022472856
14/03/19,88000,0
15/03/19,88000,0
18/03/19,87700,-0.003414915
19/03/19,85000,-0.031270643
20/03/19,86500,0.017493157
21/03/19,90200,0.041885013
22/03/19,88500,-0.019026875
25/03/19,88500,0
26/03/19,88000,-0.005665738
27/03/19,91000,0.033522692
28/03/19,90000,-0.011049836
29/03/19,85511,-0.051164648
01/04/19,86872,0.015790748
02/04/19,86775,-0.001117209
03/04/19,87358,0.006696056
04/04/19,86969,-0.004462885
05/04/19,86969,0
08/04/19,85900,-0.012367904
09/04/19,86800,0.010422793
10/04/19,87000,0.002301497
11/04/19,87000,0
12/04/19,86600,-0.004608303
16/04/19,85400,-0.013953715
17/04/19,85100,-0.003519065
18/04/19,83100,-0.023782334
19/04/19,85000,0.022606555
22/04/19,84700,-0.003535655
23/04/19,84900,0.002358492
24/04/19,84100,-0.009467526
25/04/19,83800,-0.003573559
26/04/19,83000,-0.0095924
02/05/19,83000,0
03/05/19,84200,0.014354313
06/05/19,80600,-0.043696272
07/05/19,81800,0.014778594
08/05/19,80500,-0.016020059
09/05/19,80600,0.001241465
10/05/19,80600,0
13/05/19,80000,-0.007472015
14/05/19,80000,0
15/05/19,80000,0
16/05/19,80400,0.004987542
17/05/19,79600,-0.010000083
20/05/19,79400,-0.002515725
21/05/19,79500,0.001258653
22/05/19,80000,0.006269613
23/05/19,81000,0.01242252
27/05/19,80500,-0.00619197
28/05/19,80500,0
29/05/19,80500,0
30/05/19,80900,0.00495664
31/05/19,81300,0.004932192
03/06/19,81300,0
04/06/19,81000,-0.003696862
05/06/19,79500,-0.018692133
06/06/19,79500,0
07/06/19,80000,0.006269613
10/06/19,80900,0.011187189
11/06/19,80900,0
12/06/19,80000,-0.011187189
13/06/19,80000,0
14/06/19,80000,0
17/06/19,79800,-0.00250313
18/06/19,80000,0.00250313
19/06/19,79500,-0.006269613
20/06/19,79000,-0.006309169
21/06/19,79000,0
24/06/19,78500,-0.006349228
25/06/19,78300,-0.002551022
26/06/19,79000,0.008900249
27/06/19,78300,-0.008900249
28/06/19,78600,0.003824096
01/07/19,78300,-0.003824096
02/07/19,77000,-0.016742181
03/07/19,77200,0.002594035
04/07/19,79500,0.029357565
05/07/19,79500,0
08/07/19,78000,-0.019048195
09/07/19,79000,0.012739026
10/07/19,80000,0.012578782
11/07/19,79800,-0.00250313
12/07/19,79600,-0.002509412
15/07/19,79900,0.00376176
16/07/19,81500,0.019827167
17/07/19,83000,0.018237588
18/07/19,83900,0.010785006
19/07/19,85600,0.02005967
22/07/19,87400,0.02081
23/07/19,87300,-0.00114482
24/07/19,87000,-0.003442344
25/07/19,86500,-0.005763705
26/07/19,85800,-0.008125407
29/07/19,84500,-0.015267472
30/07/19,84000,-0.005934736
31/07/19,83000,-0.011976191
01/08/19,83600,0.007202912
02/08/19,83000,-0.007202912
05/08/19,83800,0.0095924
06/08/19,83000,-0.0095924
07/08/19,83800,0.0095924
08/08/19,88900,0.059079135
09/08/19,83700,-0.060273165
12/08/19,85000,0.015412279
13/08/19,84800,-0.002355714
14/08/19,84500,-0.003544008
15/08/19,84400,-0.001184133
16/08/19,84800,0.004728141
19/08/19,84900,0.001178551
20/08/19,85500,0.007042283
21/08/19,86800,0.015090246
22/08/19,87000,0.002301497
23/08/19,87800,0.009153382
26/08/19,84993,-0.0324926
27/08/19,84412,-0.006859329
28/08/19,85284,0.010277292
29/08/19,79372,-0.071841202
30/08/19,75108,-0.055218583
03/09/19,80341,0.067352998
04/09/19,83249,0.035556041
05/09/19,78500,-0.058737492
06/09/19,77500,-0.012820688
09/09/19,74600,-0.038137429
10/09/19,72000,-0.035474388
11/09/19,72000,0
12/09/19,74500,0.034133006
13/09/19,76700,0.029102583
16/09/19,79000,0.029546144
17/09/19,76800,-0.028243212
18/09/19,79000,0.028243212
19/09/19,76500,-0.032157112
20/09/19,77100,0.00781254
23/09/19,76500,-0.00781254
24/09/19,76000,-0.006557401
25/09/19,76000,0
26/09/19,74000,-0.026668247
27/09/19,76900,0.038440783
30/09/19,75000,-0.025017763
01/10/19,75900,0.011928571
02/10/19,75000,-0.011928571
03/10/19,75000,0
04/10/19,74600,-0.005347606
07/10/19,75000,0.005347606
08/10/19,74300,-0.009377162
09/10/19,74200,-0.001346802
10/10/19,74000,-0.002699057
11/10/19,73000,-0.013605652
14/10/19,74000,0.013605652
15/10/19,74300,0.004045859
16/10/19,74500,0.002688174
17/10/19,74000,-0.006734032
18/10/19,74000,0
21/10/19,76000,0.026668247
22/10/19,76000,0
23/10/19,76000,0
24/10/19,75000,-0.013245227
25/10/19,74700,-0.004008021
28/10/19,74900,0.002673798
29/10/19,74400,-0.006697949
30/10/19,74900,0.006697949
31/10/19,74000,-0.012088797
01/11/19,74000,0
04/11/19,74000,0
05/11/19,73600,-0.005420067
06/11/19,74000,0.005420067
07/11/19,74000,0
08/11/19,73900,-0.001352265
11/11/19,73500,-0.005427422
12/11/19,73200,-0.004089985
13/11/19,73100,-0.001367054
14/11/19,72900,-0.002739728
15/11/19,73000,0.001370802
18/11/19,73000,0
19/11/19,73000,0
20/11/19,72500,-0.006872879
21/11/19,71500,-0.013889112
22/11/19,72000,0.006968669
25/11/19,71900,-0.001389854
26/11/19,72100,0.00277778
27/11/19,72200,0.001386002
28/11/19,69000,-0.045333541
29/11/19,72700,0.05223488
02/12/19,51430,-0.346119725
03/12/19,51072,-0.006985258
04/12/19,50858,-0.004198966
05/12/19,52144,0.024971687
06/12/19,52144,0
09/12/19,52144,0
10/12/19,51287,-0.016571813
11/12/19,51644,0.006936714
12/12/19,50572,-0.020975959
13/12/19,51715,0.022349811
16/12/19,51430,-0.005526215
17/12/19,50715,-0.013999935
18/12/19,50715,0
20/12/19,50715,0
23/12/19,50715,0
24/12/19,50644,-0.001400961
25/12/19,50715,0.001400961
26/12/19,50715,0
27/12/19,50001,-0.01417872
30/12/19,50001,0
31/12/19,50001,0
02/01/20,50715,0.01417872
03/01/20,51072,0.007014677
06/01/20,50715,-0.007014677
07/01/20,50715,0
08/01/20,50715,0
09/01/20,50715,0
10/01/20,51430,0.013999935
13/01/20,52858,0.027387413
14/01/20,51572,-0.024630183
15/01/20,52858,0.024630183
16/01/20,52501,-0.006776856
17/01/20,52501,0
20/01/20,52930,0.008138069
21/01/20,54144,0.022676878
22/01/20,53572,-0.01062062
30/01/20,52215,-0.025656734
31/01/20,52144,-0.001360688
03/02/20,50715,-0.027787397
04/02/20,52501,0.034610492
05/02/20,53144,0.012172993
06/02/20,52787,-0.006740262
07/02/20,52572,-0.00408129
10/02/20,52144,-0.008174537
11/02/20,52501,0.006823095
12/02/20,52501,0
13/02/20,52430,-0.00135327
14/02/20,53215,0.014861365
17/02/20,52144,-0.020331189
18/02/20,52858,0.013599951
19/02/20,53215,0.006731239
20/02/20,52858,-0.006731239
21/02/20,52787,-0.001344124
24/02/20,52715,-0.001364903
26/02/20,52644,-0.001347773
27/02/20,52501,-0.002720055
28/02/20,52144,-0.006823095
02/03/20,52144,0
03/03/20,52144,0
05/03/20,51430,-0.013787462
06/03/20,51430,0
09/03/20,47858,-0.071983367
10/03/20,49644,0.036639244
11/03/20,46429,-0.066953273
12/03/20,43858,-0.056967122
13/03/20,43929,0.001617552
16/03/20,44787,0.019343224
17/03/20,45715,0.020508553
18/03/20,45858,0.003123194
19/03/20,45858,0
20/03/20,45858,0
23/03/20,44287,-0.034858485
24/03/20,46429,0.047233084
25/03/20,46429,0
26/03/20,47501,0.022826499
27/03/20,45929,-0.033654038
30/03/20,45715,-0.004670254
31/03/20,46358,0.013967405
01/04/20,46929,0.012241944
03/04/20,47858,0.019602472
06/04/20,51144,0.06640689
07/04/20,52430,0.024833763
08/04/20,51430,-0.019257287
09/04/20,53280,0.035339366
10/04/20,52910,-0.006968669
13/04/20,52910,0
14/04/20,50320,-0.050189745
15/04/20,50320,0
16/04/20,51430,0.021819047
17/04/20,52910,0.028370697
20/04/20,50320,-0.050189745
21/04/20,52170,0.036105005
22/04/20,53280,0.021053409
23/04/20,53280,0
24/04/20,53280,0
27/04/20,52170,-0.021053409
28/04/20,52910,0.01408474
29/04/20,53280,0.006968669
04/05/20,54760,0.027398974
05/05/20,57719,0.052626408
06/05/20,61715,0.066940604
07/05/20,62233,0.008358392
08/05/20,63565,0.021177599
11/05/20,61049,-0.040386184
12/05/20,60679,-0.006079146
13/05/20,62529,0.030032775
14/05/20,61419,-0.017911216
15/05/20,62529,0.017911216
18/05/20,63565,0.016432555
19/05/20,62899,-0.010532739
20/05/20,62529,-0.005899816
21/05/20,62233,-0.004745043
22/05/20,62159,-0.001189787
25/05/20,61641,-0.008368385
26/05/20,61345,-0.004813565
27/05/20,57127,-0.071236809
28/05/20,60235,0.052976719
29/05/20,59199,-0.017348929
01/06/20,58903,-0.005012627
02/06/20,58829,-0.001257093
03/06/20,58755,-0.001258675
04/06/20,58755,0
05/06/20,58459,-0.005050602
08/06/20,59199,0.012578996
09/06/20,58459,-0.012578996
10/06/20,58089,-0.006349337
11/06/20,57275,-0.014112089
12/06/20,56131,-0.020175984
15/06/20,53735,-0.043623686
16/06/20,54388,0.012078983
17/06/20,54316,-0.001324698
18/06/20,54098,-0.004021626
19/06/20,54679,0.010682507
22/06/20,54751,0.00131591
23/06/20,54824,0.001332421
24/06/20,54824,0
25/06/20,54679,-0.002648331
26/06/20,54461,-0.003994874
29/06/20,54316,-0.002666006
30/06/20,54316,0
01/07/20,54461,0.002666006
02/07/20,54388,-0.001341308
03/07/20,54461,0.001341308
06/07/20,54461,0
07/07/20,54461,0
08/07/20,54243,-0.004010897
09/07/20,54461,0.004010897
10/07/20,54534,0.001339511
13/07/20,54534,0
14/07/20,56639,0.037873433
15/07/20,58237,0.027823098
16/07/20,58455,0.003736336
17/07/20,58673,0.003722428
20/07/20,60924,0.037647531
21/07/20,62158,0.020052345
22/07/20,61940,-0.003513356
23/07/20,61650,-0.004692945
24/07/20,58963,-0.044563101
27/07/20,57729,-0.021150482
28/07/20,60270,0.043074821
29/07/20,59399,-0.014557076
30/07/20,56151,-0.056232901
31/07/20,57284,0.019976862
03/08/20,60045,0.047072928
04/08/20,60399,0.005878267
05/08/20,60541,0.002348273
06/08/20,63373,0.045717082
07/08/20,62382,-0.015761131
10/08/20,65073,0.042232944
11/08/20,67126,0.031061734
12/08/20,66914,-0.003163237
13/08/20,66206,-0.01063712
14/08/20,66418,0.003197011
17/08/20,65427,-0.015033087
18/08/20,67268,0.027749623
19/08/20,70100,0.041238153
20/08/20,70667,0.008055909
21/08/20,72649,0.027660922
24/08/20,72932,0.003887875
25/08/20,72862,-0.000960259
26/08/20,71658,-0.016662439
27/08/20,71870,0.00295413
28/08/20,72862,0.01370831
31/08/20,72224,-0.00879484
01/09/20,71870,-0.004913469
03/09/20,72224,0.004913469
04/09/20,72012,-0.002939629
07/09/20,72366,0.004903804
08/09/20,73237,0.011964182
09/09/20,73382,0.001977916
10/09/20,73382,0
11/09/20,73455,0.0009943
14/09/20,76213,0.036859078
15/09/20,76068,-0.001904375
16/09/20,76140,0.000946074
17/09/20,76140,0
18/09/20,75342,-0.010536003
21/09/20,74906,-0.005803754
22/09/20,75850,0.012523712
23/09/20,74906,-0.012523712
24/09/20,75487,0.007726462
25/09/20,74834,-0.008688129
28/09/20,74906,0.000961667
29/09/20,74035,-0.01169604
30/09/20,75342,0.017499794
01/10/20,75124,-0.002897667
02/10/20,75052,-0.000958875
05/10/20,75197,0.00193013
06/10/20,75632,0.005768138
07/10/20,80858,0.066815056
08/10/20,81149,0.003592441
09/10/20,80278,-0.01079136
12/10/20,78028,-0.028427874
13/10/20,80568,0.032033812
14/10/20,80931,0.004495391
15/10/20,81947,0.012475757
16/10/20,82963,0.012322028
19/10/20,83471,0.006104541
20/10/20,82745,-0.008735677
21/10/20,88480,0.067012948
22/10/20,91456,0.033081445
23/10/20,92472,0.011047914
26/10/20,91456,-0.011047914
27/10/20,90730,-0.007969919
28/10/20,89859,-0.009646288
29/10/20,90657,0.008841379
30/10/20,91383,0.007976311
02/11/20,90730,-0.007171402
03/11/20,90367,-0.004008907
04/11/20,92835,0.026944567
05/11/20,92181,-0.007069688
06/11/20,95448,0.034827561
09/11/20,95448,0
10/11/20,95375,-0.000765107
11/11/20,93270,-0.022317977
12/11/20,93633,0.003884373
13/11/20,93633,0
16/11/20,92617,-0.010910175
17/11/20,92617,0
18/11/20,93633,0.010910175
19/11/20,92762,-0.009345812
20/11/20,91746,-0.011013184
23/11/20,92254,0.005521753
24/11/20,93633,0.014837243
25/11/20,92544,-0.011698678
26/11/20,92762,0.002352866
27/11/20,92762,0
30/11/20,92689,-0.00078727
01/12/20,92036,-0.007069998
02/12/20,91456,-0.006321823
03/12/20,92907,0.015741011
04/12/20,92835,-0.000775269
07/12/20,95883,0.032304974
08/12/20,96899,0.010540501
09/12/20,97190,0.002998627
10/12/20,95230,-0.020372807
11/12/20,97262,0.02111335
14/12/20,96536,-0.007492372
15/12/20,96536,0
16/12/20,94940,-0.016670883
17/12/20,93633,-0.013862228
18/12/20,94286,0.006949831
21/12/20,93633,-0.006949831
22/12/20,93996,0.003869343
23/12/20,92617,-0.014779518
24/12/20,92254,-0.003927068
25/12/20,95520,0.034790007
28/12/20,95811,0.003041851
29/12/20,98787,0.030588516
30/12/20,99803,0.010232226
31/12/20,100093,0.002901511
04/01/21,101254,0.011532458
05/01/21,106335,0.048962277
06/01/21,104666,-0.01582016
07/01/21,111779,0.06574938
08/01/21,108948,-0.025653003
11/01/21,113231,0.038559276
12/01/21,111126,-0.018765287
13/01/21,110327,-0.007216009
14/01/21,108368,-0.017915841
15/01/21,108368,0
18/01/21,111271,0.026435825
19/01/21,105972,-0.048793759
20/01/21,109239,0.030363234
21/01/21,114319,0.045454644
22/01/21,115408,0.00948089
25/01/21,123465,0.067484039
26/01/21,129852,0.050437625
27/01/21,124844,-0.039330382
28/01/21,116134,-0.072320261
29/01/21,114682,-0.012581616
01/02/21,108150,-0.058643928
02/02/21,113957,0.052302032
03/02/21,117586,0.031348797
04/02/21,116134,-0.012425284
05/02/21,114174,-0.017021096
08/02/21,111053,-0.027716036
09/02/21,113231,0.019422415
17/02/21,121142,0.067533431
18/02/21,127022,0.047396889
19/02/21,126659,-0.002861864
22/02/21,126659,0
23/02/21,129199,0.019855415
24/02/21,127022,-0.016993552
25/02/21,135877,0.067389765
26/02/21,145385,0.067635331
01/03/21,155547,0.067562541
02/03/21,156200,0.004189301
03/03/21,153587,-0.016870056
04/03/21,156781,0.020582745
05/03/21,154966,-0.011644189
08/03/21,165781,0.067461902
09/03/21,170136,0.025930477
10/03/21,170209,0.000428976
11/03/21,168540,-0.009853983
12/03/21,165854,-0.016065227
15/03/21,162951,-0.017658341
16/03/21,163313,0.002219063
17/03/21,169846,0.039223539
18/03/21,170136,0.001705973
19/03/21,169846,-0.001705973
22/03/21,167669,-0.012900346
23/03/21,165346,-0.01395155
24/03/21,163967,-0.00837506
25/03/21,161209,-0.016963528
26/03/21,160773,-0.002708228
29/03/21,163313,0.015675173
30/03/21,160672,-0.016303585
31/03/21,156650,-0.025351002
01/04/21,156650,0
02/04/21,155944,-0.004517049
05/04/21,155027,-0.005897673
06/04/21,153898,-0.00730925
07/04/21,153475,-0.002752358
08/04/21,153404,-0.000462723
09/04/21,157003,0.023189949
12/04/21,162295,0.033150753
13/04/21,160440,-0.011495626
14/04/21,164079,0.022427978
15/04/21,162224,-0.011369923
16/04/21,159727,-0.015511988
19/04/21,170856,0.067354989
20/04/21,169786,-0.006282276
22/04/21,169786,0
23/04/21,167645,-0.012690172
26/04/21,161225,-0.039047744
27/04/21,159798,-0.008890387
28/04/21,160512,0.004458189
29/04/21,163222,0.016742531
04/05/21,163365,0.000875724
05/05/21,160797,-0.015844261
06/05/21,160512,-0.001773994
07/05/21,159941,-0.003563709
10/05/21,156945,-0.018909572
11/05/21,159798,0.018015092
12/05/21,161154,0.008449912
13/05/21,159727,-0.008894322
14/05/21,165505,0.035535298
17/05/21,172568,0.041789956
18/05/21,171212,-0.007888807
19/05/21,170499,-0.004173123
20/05/21,166147,-0.025856493
21/05/21,165505,-0.003871533
24/05/21,161938,-0.02178786
25/05/21,161225,-0.004412641
26/05/21,161225,0
27/05/21,159013,-0.013814945
28/05/21,161867,0.01778905
31/05/21,161938,0.000438536
01/06/21,159584,-0.014643117
02/06/21,160512,0.005798277
03/06/21,161938,0.00884484
04/06/21,163365,0.008773415
07/06/21,151951,-0.072428861
08/06/21,141607,-0.070502485
09/06/21,144460,0.019947038
10/06/21,141821,-0.018436954
11/06/21,144817,0.020905177
14/06/21,142677,-0.014887542
15/06/21,141964,-0.00500983
16/06/21,138611,-0.023902056
17/06/21,138611,0
18/06/21,137683,-0.006717507
21/06/21,138967,0.009282554
22/06/21,144104,0.036298766
23/06/21,141964,-0.014961757
24/06/21,141179,-0.005544916
25/06/21,139752,-0.010159166
28/06/21,145745,0.041989096
29/06/21,146529,0.005364842
30/06/21,144532,-0.013722425
01/07/21,141250,-0.022969566
02/07/21,144104,0.020003891
05/07/21,141964,-0.014961757
06/07/21,138111,-0.027515795
07/07/21,136257,-0.013514901
08/07/21,135900,-0.002623487
09/07/21,131263,-0.034716377
12/07/21,122702,-0.067444293
13/07/21,122702,0
14/07/21,121275,-0.011697957
15/07/21,121989,0.005870183
16/07/21,120562,-0.011766733
19/07/21,117566,-0.025164265
20/07/21,119207,0.0138616
21/07/21,123059,0.031802437
22/07/21,122988,-0.000577126
23/07/21,120205,-0.022888171
26/07/21,119849,-0.002966001
27/07/21,122203,0.019450979
28/07/21,123630,0.011609638
29/07/21,123344,-0.002316034
30/07/21,123416,0.000583563
02/08/21,121632,-0.01456067
03/08/21,120205,-0.011801474
04/08/21,120134,-0.000590832
05/08/21,120990,0.007100111
06/08/21,120919,-0.000586998
09/08/21,120562,-0.002956757
10/08/21,125556,0.040587731
11/08/21,129551,0.031322752
12/08/21,127411,-0.016656544
13/08/21,126768,-0.005059437
16/08/21,124842,-0.015309706
17/08/21,124842,0
18/08/21,126126,0.01023247
19/08/21,127339,0.009571414
20/08/21,125984,-0.010697907
23/08/21,122488,-0.028141849
24/08/21,122702,0.001745585
25/08/21,120633,-0.017005773
26/08/21,121989,0.011177998
27/08/21,122131,0.001163362
30/08/21,124771,0.021385818
31/08/21,124129,-0.00515871
01/09/21,123416,-0.005760585
06/09/21,128267,0.038553266
07/09/21,126626,-0.012876169
08/09/21,126269,-0.002823308
09/09/21,129123,0.022350887
10/09/21,133760,0.035281711
13/09/21,139395,0.04126448
14/09/21,139110,-0.002046643
15/09/21,138753,-0.002569613
16/09/21,139823,0.007681963
17/09/21,142677,0.020205997
20/09/21,146815,0.028589957
21/09/21,145459,-0.009279031
22/09/21,144817,-0.004423384
23/09/21,142677,-0.014887542
24/09/21,141250,-0.010051964
27/09/21,140608,-0.004555493
28/09/21,140180,-0.003048566
29/09/21,143390,0.02264088
30/09/21,144746,0.009412291
01/10/21,150524,0.039142058
04/10/21,151238,0.004732215
05/10/21,150524,-0.004732215
06/10/21,150453,-0.000471797
07/10/21,149169,-0.008570852
08/10/21,149454,0.001908762
11/10/21,151095,0.010920125
12/10/21,149525,-0.010445175
13/10/21,147671,-0.012476777
14/10/21,147599,-0.000487689
15/10/21,149811,0.014875363
18/10/21,147599,-0.014875363
19/10/21,144746,-0.019518655
20/10/21,141250,-0.024449112
21/10/21,140894,-0.002523535
22/10/21,140251,-0.00457416
25/10/21,139752,-0.003564251
26/10/21,139681,-0.000508172
27/10/21,142534,0.020219316
28/10/21,142606,0.000505015
29/10/21,139823,-0.019708246
01/11/21,136257,-0.025834529
02/11/21,134045,-0.016367244
03/11/21,133974,-0.000529813
04/11/21,133403,-0.004271129
05/11/21,137327,0.028990321
08/11/21,135472,-0.013599966
09/11/21,135472,0
10/11/21,135186,-0.002113369
11/11/21,134830,-0.002636882
12/11/21,134402,-0.003179417
15/11/21,133046,-0.010140376
16/11/21,134116,0.008010164
17/11/21,133902,-0.001596908
18/11/21,133046,-0.006413256
19/11/21,132761,-0.002144414
22/11/21,130407,-0.01789019
23/11/21,128409,-0.015439847
24/11/21,131477,0.023611449
25/11/21,132690,0.009183649
26/11/21,132690,0
29/11/21,130193,-0.018997616
30/11/21,130478,0.002186665
01/12/21,130763,0.002181894
02/12/21,130407,-0.002726195
03/12/21,129693,-0.00549021
06/12/21,124914,-0.037544619
07/12/21,127125,0.017545354
08/12/21,128409,0.010049628
09/12/21,127625,-0.006124206
10/12/21,127339,-0.002243455
13/12/21,126269,-0.00843827
14/12/21,125984,-0.002259637
15/12/21,126269,0.002259637
16/12/21,126198,-0.00056245
17/12/21,128195,0.01570044
20/12/21,129123,0.007212896
21/12/21,129408,0.002204766
22/12/21,127696,-0.013317765
23/12/21,123059,-0.036988524
24/12/21,126198,0.025188187
27/12/21,129836,0.028420013
28/12/21,132094,0.017241675
29/12/21,128373,-0.028573702
30/12/21,125954,-0.019023328
31/12/21,125582,-0.002957829
04/01/22,125396,-0.001482202
05/01/22,125954,0.004440031
06/01/22,123815,-0.017128245
07/01/22,124187,0.002999978
10/01/22,124187,0
11/01/22,122791,-0.011304771
12/01/22,119535,-0.026874508
13/01/22,120187,0.005439648
14/01/22,120001,-0.001548787
17/01/22,118047,-0.016417226
18/01/22,116559,-0.012685268
19/01/22,115908,-0.00560081
20/01/22,116373,0.004003777
21/01/22,121675,0.044553006
24/01/22,119070,-0.021642
25/01/22,119070,0
26/01/22,120094,0.008563214
27/01/22,119908,-0.001549987
28/01/22,119349,-0.004672808
07/02/22,120931,0.013168161
08/02/22,122140,0.009947793
09/02/22,126047,0.031486925
10/02/22,125489,-0.004436748
11/02/22,127442,0.015443254
14/02/22,126047,-0.011006506
15/02/22,129117,0.024064117
16/02/22,128373,-0.005778881
17/02/22,128094,-0.002175719
18/02/22,128373,0.002175719
21/02/22,129117,0.005778881
22/02/22,128373,-0.005778881
23/02/22,131163,0.021500736
24/02/22,130233,-0.007115671
25/02/22,130884,0.004986281
28/02/22,128094,-0.021547065
01/03/22,129303,0.009394118
02/03/22,126791,-0.019618426
03/03/22,125117,-0.013290762
04/03/22,122419,-0.021799713
07/03/22,124652,0.018076268
08/03/22,124652,0
09/03/22,123349,-0.010508119
10/03/22,123070,-0.002264437
11/03/22,122884,-0.001512478
14/03/22,121024,-0.015251948
15/03/22,121489,0.003834851
16/03/22,122605,0.009144082
17/03/22,121861,-0.006086755
18/03/22,121861,0
21/03/22,121861,0
22/03/22,122326,0.003808561
23/03/22,122884,0.004551209
24/03/22,122791,-0.000757098
25/03/22,127442,0.037177636
28/03/22,125954,-0.011744598
29/03/22,122981,-0.023886889
30/03/22,122535,-0.003633168
31/03/22,122179,-0.002909521
01/04/22,122535,0.002909521
04/04/22,129219,0.053111936
05/04/22,129219,0
06/04/22,129219,0
07/04/22,128150,-0.008307187
08/04/22,124941,-0.025359827
12/04/22,125209,0.002142715
13/04/22,125209,0
14/04/22,126011,0.006384864
15/04/22,133675,0.059042276
18/04/22,137774,0.030203181
19/04/22,136348,-0.01040422
20/04/22,134477,-0.01381726
21/04/22,129308,-0.039196025
22/04/22,129932,0.004814081
25/04/22,124763,-0.040595299
26/04/22,123872,-0.007167163
27/04/22,122981,-0.007218902
28/04/22,124407,0.011528577
29/04/22,124318,-0.00071565
04/05/22,124763,0.003573139
05/05/22,123872,-0.007167163
06/05/22,123070,-0.006495475
09/05/22,116743,-0.052778362
10/05/22,116565,-0.00152588
11/05/22,120218,0.030857704
12/05/22,118436,-0.014934031
13/05/22,114604,-0.032890023
16/05/22,113178,-0.012520907
17/05/22,113802,0.005498296
18/05/22,116386,0.022452157
19/05/22,114960,-0.012328011
20/05/22,114960,0
23/05/22,114871,-0.000774482
24/05/22,114782,-0.000775082
25/05/22,116475,0.014641981
26/05/22,115852,-0.005363143
27/05/22,116654,0.006898774
30/05/22,119060,0.020415279
31/05/22,118152,-0.007655637
01/06/22,116789,-0.011603043
02/06/22,116517,-0.002331703
03/06/22,115336,-0.010187578
06/06/22,113520,-0.015870575
07/06/22,112612,-0.008030751
08/06/22,112612,0
09/06/22,112521,-0.000808411
10/06/22,111613,-0.00810234
13/06/22,105256,-0.058642053
14/06/22,101532,-0.036021458
15/06/22,99898,-0.016224354
16/06/22,98989,-0.009140933
17/06/22,92632,-0.066374079
20/06/22,88001,-0.051286476
21/06/22,90816,0.031487303
22/06/22,92087,0.013898301
23/06/22,93995,0.020507807
24/06/22,95357,0.014386154
27/06/22,88727,-0.072063503
28/06/22,89454,0.008160287
29/06/22,90544,0.012111394
30/06/22,88909,-0.018222546
01/07/22,86275,-0.030073506
04/07/22,83006,-0.038626975
05/07/22,77557,-0.067899744
06/07/22,79373,0.02314511
07/07/22,81280,0.023741724
08/07/22,83006,0.021012911
11/07/22,80826,-0.026614198
12/07/22,82643,0.02223143
13/07/22,81825,-0.009947306
14/07/22,82279,0.005533091
15/07/22,82643,0.004414215
18/07/22,86275,0.043009743
19/07/22,87183,0.010469489
20/07/22,85367,-0.021049749
21/07/22,84641,-0.008540826
22/07/22,85004,0.004279531
25/07/22,84550,-0.005355239
26/07/22,83551,-0.011885851
27/07/22,83551,0
28/07/22,85185,0.019368138
29/07/22,84459,-0.008559152
01/08/22,84731,0.003215323
02/08/22,85458,0.008543495
03/08/22,85730,0.003177796
04/08/22,86729,0.011585492
05/08/22,88273,0.01764597
08/08/22,88092,-0.002052562
09/08/22,89908,0.020405202
10/08/22,89000,-0.010150556
11/08/22,87910,-0.012322806
12/08/22,87910,0
15/08/22,89363,0.016393162
16/08/22,90180,0.009100947
17/08/22,89454,-0.008083146
18/08/22,89726,0.003036055
19/08/22,91633,0.021030887
22/08/22,90816,-0.008955987
23/08/22,91633,0.008955987
24/08/22,91633,0
25/08/22,91270,-0.003969322
26/08/22,91922,0.007118245
29/08/22,90153,-0.019432164
30/08/22,90711,0.006170402
31/08/22,90711,0
05/09/22,90432,-0.003080442
06/09/22,89407,-0.011399208
07/09/22,88197,-0.01362603
08/09/22,87079,-0.012757196
09/09/22,86800,-0.003209131
12/09/22,87359,0.006419443
13/09/22,87265,-0.001076599
14/09/22,86614,-0.007488001
15/09/22,86148,-0.005394718
16/09/22,84751,-0.016349202
19/09/22,83820,-0.011045903
20/09/22,84192,0.004428262
21/09/22,83447,-0.008888205
22/09/22,82795,-0.007844027
23/09/22,82423,-0.004503149
26/09/22,80467,-0.024017362
27/09/22,78232,-0.028168391
28/09/22,78138,-0.001202277
29/09/22,78138,0
30/09/22,78232,0.001202277
03/10/22,76369,-0.024101916
04/10/22,77300,0.012117101
05/10/22,78232,0.011984815
06/10/22,77300,-0.011984815
07/10/22,71899,-0.072431599
10/10/22,73575,0.023042938
11/10/22,73016,-0.007626699
12/10/22,74599,0.021448507
13/10/22,74041,-0.007508108
14/10/22,74599,0.007508108
17/10/22,74786,0.002503599
18/10/22,76090,0.017286149
19/10/22,76648,0.007306662
20/10/22,75996,-0.008542805
21/10/22,70688,-0.07240488
24/10/22,70688,0
25/10/22,70967,0.003939153
26/10/22,70874,-0.001311328
27/10/22,75158,0.058688912
28/10/22,74506,-0.008712905
31/10/22,71712,-0.038221561
01/11/22,74506,0.038221561
02/11/22,74972,0.006235051
03/11/22,73575,-0.018809416
04/11/22,74506,0.012574365
07/11/22,71712,-0.038221561
08/11/22,74506,0.038221561
09/11/22,72271,-0.030456717
10/11/22,68918,-0.04750555
11/11/22,69384,0.006738901
14/11/22,66404,-0.043898998
15/11/22,61840,-0.071206891
16/11/22,64464,0.041556524
17/11/22,65471,0.015500368
18/11/22,63548,-0.029811771
21/11/22,66387,0.043705728
22/11/22,67760,0.020470796
23/11/22,66845,-0.013595544
24/11/22,66204,-0.009635622
25/11/22,68951,0.040655223
28/11/22,73712,0.066769501
29/11/22,75818,0.028170123
30/11/22,76368,0.007228029
01/12/22,75544,-0.010848492
02/12/22,75177,-0.004869935
05/12/22,75452,0.003651359
06/12/22,75361,-0.001206793
07/12/22,75177,-0.002444567
08/12/22,74628,-0.007329561
09/12/22,75544,0.012199496
12/12/22,75544,0
13/12/22,75635,0.001203871
14/12/22,75727,0.001215629
15/12/22,75818,0.001200964
16/12/22,75727,-0.001200964
19/12/22,75177,-0.007289435
20/12/22,73712,-0.019679725
21/12/22,73346,-0.004977638
22/12/22,73529,0.002491916
23/12/22,73163,-0.004990058
26/12/22,71423,-0.024069882
27/12/22,71423,0
28/12/22,71423,0
29/12/22,72064,0.008934667
30/12/22,70599,-0.020538633
03/01/23,72797,0.030658765
04/01/23,72797,0
05/01/23,72888,0.001249271
06/01/23,72888,0
09/01/23,73071,0.002507555
10/01/23,72980,-0.00124614
11/01/23,72613,-0.005041462
12/01/23,72888,0.003780047
13/01/23,73071,0.002507555
16/01/23,73071,0
17/01/23,73254,0.002501283
18/01/23,73438,0.002508659
19/01/23,78565,0.067484795
27/01/23,84059,0.067592626
30/01/23,88821,0.055104175
31/01/23,88821,0
01/02/23,87173,-0.018728459
02/02/23,87173,0
03/02/23,86623,-0.006329281
06/02/23,87722,0.012607354
07/02/23,87631,-0.001037906
08/02/23,86532,-0.012620529
09/02/23,85799,-0.008506936
10/02/23,84243,-0.018301872
13/02/23,81496,-0.03315154
14/02/23,81129,-0.004513459
15/02/23,82411,0.015678443
16/02/23,82411,0
17/02/23,82411,0
20/02/23,85525,0.037089808
21/02/23,84700,-0.009693129
22/02/23,83327,-0.016342975
23/02/23,82411,-0.011053703
24/02/23,81953,-0.005573011
27/02/23,80763,-0.014626972
28/02/23,81496,0.009034999
01/03/23,81496,0
02/03/23,81312,-0.002260332
03/03/23,80031,-0.015879548
06/03/23,79573,-0.00573922
07/03/23,80122,0.006875634
08/03/23,79664,-0.005732683
09/03/23,79756,0.001154184
10/03/23,79390,-0.004599558
13/03/23,78291,-0.013939762
14/03/23,76917,-0.017705735
15/03/23,78382,0.018867391
16/03/23,77467,-0.01174227
17/03/23,76826,-0.008308915
20/03/23,76093,-0.009586848
21/03/23,76368,0.003607484
22/03/23,75910,-0.006015332
23/03/23,76002,0.001211228
24/03/23,75635,-0.004840517
27/03/23,77192,0.020376686
28/03/23,78749,0.019969754
29/03/23,77650,-0.01405403
30/03/23,79023,0.0175274
31/03/23,79206,0.002313104
03/04/23,81312,0.026241554
04/04/23,82137,0.010094978
05/04/23,82137,0
06/04/23,83144,0.012185459
07/04/23,82137,-0.012185459
10/04/23,81496,-0.007834646
11/04/23,81953,0.005591973
12/04/23,82869,0.011115135
13/04/23,82961,0.00110957
14/04/23,82228,-0.008874741
17/04/23,82417,0.00229585
18/04/23,83358,0.011352859
19/04/23,82417,-0.011352859
20/04/23,84112,0.020357518
21/04/23,89952,0.067126951
24/04/23,92495,0.027878394
25/04/23,88821,-0.04053148
26/04/23,92495,0.04053148
27/04/23,93719,0.013146354
28/04/23,92024,-0.018251531
04/05/23,96074,0.043069315
05/05/23,102573,0.065456012
08/05/23,101349,-0.012004734
09/05/23,99842,-0.01498107
10/05/23,100784,0.009390676
11/05/23,99277,-0.01506569
12/05/23,99653,0.003780229
15/05/23,97864,-0.018115392
16/05/23,97110,-0.007734403
17/05/23,96639,-0.00486197
18/05/23,97110,0.00486197
19/05/23,96922,-0.001937825
22/05/23,97393,0.004847808
23/05/23,95792,-0.016575165
24/05/23,95603,-0.001974974
25/05/23,95792,0.001974974
26/05/23,95886,0.000980812
29/05/23,98052,0.022337964
30/05/23,97675,-0.003852309
31/05/23,100030,0.0238245
01/06/23,99277,-0.007556218
02/06/23,98900,-0.003804684
05/06/23,97958,-0.009570423
06/06/23,98429,0.004796661
07/06/23,98052,-0.003837526
08/06/23,99748,0.017149055
09/06/23,105493,0.055997595
12/06/23,105493,0
13/06/23,104551,-0.008969609
14/06/23,102667,-0.01818425
15/06/23,102667,0
16/06/23,103609,0.009133458
19/06/23,102479,-0.010966299
20/06/23,103421,0.009150137
21/06/23,104457,0.009967467
22/06/23,102856,-0.015445552
23/06/23,102950,0.000913482
26/06/23,105493,0.024401167
27/06/23,107283,0.016825603
28/06/23,106435,-0.007935733
29/06/23,104363,-0.019659264
30/06/23,105682,0.012559379
03/07/23,106718,0.009755256
04/07/23,107094,0.003517112
05/07/23,106529,-0.005289705
06/07/23,106529,0
07/07/23,107942,0.013176797
10/07/23,108978,0.009551981
11/07/23,107848,-0.010423199
12/07/23,107377,-0.004376822
13/07/23,107377,0
14/07/23,107471,0.000875037
17/07/23,109072,0.014787171
18/07/23,102667,-0.060517474
19/07/23,99653,-0.029796589
20/07/23,99842,0.001894785
21/07/23,99842,0
24/07/23,99088,-0.007580592
25/07/23,99088,0
26/07/23,98900,-0.001899106
27/07/23,97581,-0.013426436
28/07/23,97487,-0.000963767
31/07/23,99748,0.02292797
01/08/23,98994,-0.007587763
02/08/23,99371,0.003801078
03/08/23,97204,-0.022048458
04/08/23,97770,0.005805919
07/08/23,99653,0.01907637
08/08/23,100689,0.010342407
09/08/23,99842,-0.008447622
10/08/23,100313,0.004706361
11/08/23,99842,-0.004706361
14/08/23,98900,-0.009479698
15/08/23,99748,0.008537767
16/08/23,100133,0.003852297
17/08/23,101002,0.008641016
18/08/23,96854,-0.041935629
21/08/23,96371,-0.004999363
22/08/23,97336,0.009963584
23/08/23,96661,-0.006958899
24/08/23,97046,0.003975081
25/08/23,97818,0.007923516
28/08/23,96661,-0.011898597
29/08/23,96854,0.001994678
30/08/23,96950,0.000990692
31/08/23,97143,0.001988738
05/09/23,98590,0.014785717
06/09/23,99169,0.005855629
07/09/23,100037,0.008714652
08/09/23,100712,0.006724841
11/09/23,99169,-0.015439493
12/09/23,98011,-0.011745748
13/09/23,99458,0.014655727
14/09/23,98783,-0.006809919
15/09/23,99362,0.005844222
18/09/23,98976,-0.00389235
19/09/23,99362,0.00389235
20/09/23,99844,0.004839221
21/09/23,100133,0.002890334
22/09/23,99748,-0.003852297
25/09/23,97722,-0.020520293
26/09/23,98397,0.006883603
27/09/23,97432,-0.009855617
28/09/23,97915,0.004945057
29/09/23,97046,-0.008914662
02/10/23,99362,0.023584654
03/10/23,99362,0
04/10/23,101291,0.019227815
05/10/23,101291,0
06/10/23,103027,0.016993528
09/10/23,107947,0.046649276
10/10/23,107947,0
11/10/23,108526,0.00534941
12/10/23,107658,-0.00803024
13/10/23,106500,-0.010814551
16/10/23,107754,0.011705866
17/10/23,106693,-0.0098953
18/10/23,104185,-0.023787387
19/10/23,103220,-0.009305532
20/10/23,108044,0.045675919
23/10/23,107947,-0.000898186
24/10/23,105246,-0.025339899
25/10/23,105150,-0.000912565
26/10/23,100519,-0.045041138
27/10/23,102256,0.017132709
30/10/23,100423,-0.018088208
31/10/23,98879,-0.015494384
01/11/23,99748,0.008750125
02/11/23,101098,0.013443338
03/11/23,100037,-0.010550226
06/11/23,100326,0.002884766
07/11/23,100230,-0.000957339
08/11/23,101291,0.010530017
09/11/23,101291,0
10/11/23,100905,-0.003818082
13/11/23,101098,0.001910863
14/11/23,100809,-0.002862706
15/11/23,101580,0.007619028
16/11/23,101291,-0.002849103
17/11/23,101002,-0.002857244
20/11/23,100326,-0.006715435
21/11/23,100905,0.005754596
22/11/23,100905,0
23/11/23,100905,0
24/11/23,100326,-0.005754596
27/11/23,102931,0.025633977
28/11/23,104378,0.013960064
29/11/23,104282,-0.000920157
30/11/23,102256,-0.019619295
01/12/23,104185,0.018688692
04/12/23,103220,-0.009305532
05/12/23,103220,0
06/12/23,103124,-0.000930485
07/12/23,102159,-0.009401725
08/12/23,101870,-0.002832933
11/12/23,102159,0.002832933
12/12/23,101966,-0.001890999
13/12/23,101291,-0.006641862
14/12/23,102449,0.011367551
15/12/23,101773,-0.006620271
18/12/23,101580,-0.001898178
19/12/23,101388,-0.001891924
20/12/23,101870,0.00474275
21/12/23,101773,-0.000952648
22/12/23,102835,0.010380919
25/12/23,104667,0.01765812
26/12/23,104667,0
27/12/23,104185,-0.004615717
28/12/23,104089,-0.000921863
29/12/23,104282,0.001852466
02/01/24,105150,0.008289134
03/01/24,108044,0.027150649
04/01/24,108044,0
05/01/24,106790,-0.011674262
08/01/24,106597,-0.00180892
09/01/24,108044,0.013483183
10/01/24,115568,0.06732055
11/01/24,115761,0.00166862
12/01/24,113832,-0.016804044
15/01/24,116726,0.025105631
16/01/24,115375,-0.011641615
17/01/24,114797,-0.005022342
18/01/24,118752,0.033871934
19/01/24,119234,0.004050664
22/01/24,112385,-0.059157472
23/01/24,111613,-0.006892946
24/01/24,109491,-0.019195177
25/01/24,110938,0.013129133
26/01/24,110938,0
29/01/24,110938,0
30/01/24,111227,0.002601671
31/01/24,111999,0.006916785
01/02/24,113832,0.016233735
02/02/24,113446,-0.003396724
05/02/24,113349,-0.000855398
06/02/24,113832,0.004252123
07/02/24,114507,0.005912279
15/02/24,115761,0.010891764
16/02/24,116244,0.004163709
19/02/24,116051,-0.001661681
20/02/24,115086,-0.008350075
21/02/24,115954,0.007513886
22/02/24,117980,0.017321558
23/02/24,119138,0.009767367
26/02/24,121742,0.021621566
27/02/24,124057,0.018837086
28/02/24,122032,-0.016457832
29/02/24,121646,-0.003168118
01/03/24,122032,0.003168118
04/03/24,123093,0.008656862
05/03/24,122610,-0.003931581
06/03/24,121067,-0.012664475
07/03/24,121067,0
08/03/24,121067,0
11/03/24,121260,0.001592889
12/03/24,121935,0.005551115
13/03/24,123479,0.012582985
14/03/24,123479,0
15/03/24,121453,-0.016543744
18/03/24,119716,-0.014405086
19/03/24,115761,-0.03359455
20/03/24,118752,0.025509564
21/03/24,120585,0.015317614
22/03/24,120585,0
25/03/24,121067,0.003989213
26/03/24,122417,0.011089138
27/03/24,122803,0.003148196
28/03/24,122514,-0.002356136
29/03/24,121549,-0.007907836
01/04/24,121549,0
02/04/24,122032,0.003965832
03/04/24,121163,-0.007146559
04/04/24,129556,0.066976474
05/04/24,126855,-0.021068518
08/04/24,125311,-0.012246055
09/04/24,125408,0.000773775
10/04/24,125697,0.002301827
11/04/24,125504,-0.001536618
12/04/24,125987,0.003841096
15/04/24,126083,0.000761693
16/04/24,131196,0.039751968
17/04/24,131389,0.00147
19/04/24,126373,-0.038924537
22/04/24,129074,0.021148032
23/04/24,128013,-0.008254062
24/04/24,130765,0.021269998
25/04/24,130765,0
26/04/24,128996,-0.013620423
02/05/24,129684,0.005319326
03/05/24,129586,-0.000755969
06/05/24,130274,0.005295171
07/05/24,130765,0.003761894
08/05/24,130667,-0.000749717
09/05/24,130176,-0.003764721
10/05/24,129487,-0.005306891
13/05/24,128013,-0.011448669
14/05/24,128799,0.006121228
15/05/24,129291,0.003812628
16/05/24,129684,0.003035044
17/05/24,130176,0.003786659
20/05/24,129684,-0.003786659
21/05/24,129487,-0.001520232
22/05/24,128307,-0.00915466
23/05/24,127521,-0.006144773
24/05/24,128406,0.006916062
27/05/24,126931,-0.011553487
28/05/24,126931,0
29/05/24,127324,0.003091387
30/05/24,127226,-0.000769986
31/05/24,126636,-0.004648203
03/06/24,126833,0.001554431
04/06/24,126931,0.000772371
05/06/24,129291,0.018422046
06/06/24,128602,-0.005343314
07/06/24,128406,-0.001525245
10/06/24,128799,0.003055931
11/06/24,128504,-0.002293017
12/06/24,128406,-0.000762913
13/06/24,129192,0.006102551
14/06/24,128602,-0.004577306
17/06/24,127816,-0.006130634
18/06/24,128013,0.001540092
19/06/24,128013,0
20/06/24,136960,0.067557091
21/06/24,146497,0.067316038
24/06/24,145612,-0.0060594
25/06/24,144432,-0.008136741
26/06/24,145022,0.004076646
27/06/24,147480,0.016807118
28/06/24,146398,-0.007363633
01/07/24,146005,-0.002688073
02/07/24,143547,-0.01697836
03/07/24,144432,0.006146301
04/07/24,143154,-0.008887835
05/07/24,144530,0.009566125
08/07/24,144629,0.000684744
09/07/24,146595,0.01350184
10/07/24,145907,-0.00470425
11/07/24,144235,-0.011525519
12/07/24,146300,0.014215394
15/07/24,147480,0.008033265
16/07/24,147676,0.001328111
17/07/24,146497,-0.008015734
18/07/24,144530,-0.013517852
19/07/24,143842,-0.004771623
22/07/24,149151,0.036243741
23/07/24,148266,-0.005951258
24/07/24,148955,0.004636289
25/07/24,148955,0
26/07/24,148955,0
29/07/24,147971,-0.006627938
30/07/24,146202,-0.012027082
31/07/24,144137,-0.014224991
01/08/24,143940,-0.00136769
02/08/24,144432,0.003412262
05/08/24,143252,-0.008203491
06/08/24,143449,0.001374254
07/08/24,144137,0.004784665
08/08/24,142367,-0.012356006
09/08/24,143547,0.008254277
12/08/24,145612,0.014283042
13/08/24,145120,-0.003384564
14/08/24,144334,-0.005430928
15/08/24,146300,0.01352925
16/08/24,146000,-0.002052686
19/08/24,146800,0.005464494
20/08/24,146100,-0.004779797
21/08/24,146700,0.004098366
22/08/24,144600,-0.014418375
23/08/24,144300,-0.002076844
26/08/24,141500,-0.019594749
27/08/24,142900,0.009845368
28/08/24,142800,-0.000700035
29/08/24,142300,-0.003507545
30/08/24,142000,-0.002110447
04/09/24,143300,0.009113277
05/09/24,142000,-0.009113277
06/09/24,142000,0
09/09/24,140900,-0.007776639
10/09/24,140200,-0.004980444
11/09/24,139300,-0.006440094
12/09/24,138600,-0.005037794
13/09/24,138200,-0.002890175
16/09/24,137600,-0.004350986
17/09/24,137500,-0.000727008
18/09/24,138000,0.003629768
19/09/24,136700,-0.009464941
20/09/24,136100,-0.004398834
23/09/24,135100,-0.007374665
24/09/24,134600,-0.003707828
25/09/24,134800,0.001484781
26/09/24,135000,0.00148258
27/09/24,134600,-0.002967361
30/09/24,133300,-0.00970519
01/10/24,133000,-0.002253099
02/10/24,132000,-0.007547206
03/10/24,132000,0
04/10/24,132000,0
07/10/24,133000,0.007547206
08/10/24,132800,-0.001504891
09/10/24,133500,0.005257241
10/10/24,136200,0.020022916
11/10/24,136100,-0.000734484
14/10/24,136000,-0.000735024
15/10/24,134300,-0.012578782
16/10/24,134400,0.000744325
17/10/24,133600,-0.005970167
18/10/24,132700,-0.00675932
21/10/24,132000,-0.005289019
22/10/24,130900,-0.00836825
23/10/24,131600,0.005333346
24/10/24,131000,-0.004569696
25/10/24,131000,0
28/10/24,130000,-0.007662873
29/10/24,130000,0
30/10/24,129100,-0.006947153
31/10/24,129700,0.004636793
01/11/24,129000,-0.005411687
04/11/24,127100,-0.014838226
05/11/24,127000,-0.000787092
06/11/24,127000,0
07/11/24,126900,-0.000787712
08/11/24,126600,-0.002366865
11/11/24,126600,0
12/11/24,126100,-0.003957267
13/11/24,126700,0.004746844
14/11/24,125800,-0.007128743
15/11/24,125700,-0.000795229
18/11/24,125000,-0.005584378
19/11/24,123000,-0.016129382
20/11/24,120500,-0.020534602
21/11/24,122600,0.017277271
22/11/24,122600,0
25/11/24,123000,0.003257332
26/11/24,122600,-0.003257332
27/11/24,120800,-0.014790738
28/11/24,120800,0
29/11/24,118300,-0.020912515
02/12/24,117800,-0.0042355
03/12/24,121500,0.030925992
04/12/24,121100,-0.003297612
05/12/24,124800,0.030095805
06/12/24,124600,-0.00160385
09/12/24,125400,0.006400022
10/12/24,124500,-0.007202912
11/12/24,124000,-0.00402415
12/12/24,123800,-0.001614205
13/12/24,121200,-0.021225287
16/12/24,120900,-0.002478316
17/12/24,120700,-0.00165563
18/12/24,120500,-0.001658375
19/12/24,119800,-0.005826067
20/12/24,120100,0.002501043
23/12/24,119700,-0.003336117
24/12/24,117500,-0.018550279
25/12/24,118000,0.004246291
26/12/24,120200,0.018472398
27/12/24,120000,-0.001665279
30/12/24,120400,0.00332779
31/12/24,121800,0.011560822
02/01/25,118900,-0.024097552
03/01/25,118300,-0.005059033
06/01/25,116600,-0.014474497
07/01/25,116700,0.000857265
08/01/25,118200,0.012771566
09/01/25,116100,-0.017926216
10/01/25,116000,-0.000861698
13/01/25,117700,0.014548823
14/01/25,117100,-0.005110744
15/01/25,117200,0.000853607
16/01/25,117200,0
17/01/25,117000,-0.001707942
20/01/25,117500,0.004264399
21/01/25,116600,-0.00768906
22/01/25,117900,0.011087534
23/01/25,117900,0
24/01/25,118900,0.008445996
03/02/25,119900,0.008375258
04/02/25,121500,0.013256201
05/02/25,121900,0.003286774
06/02/25,120000,-0.015709294
07/02/25,119500,-0.004175371
10/02/25,117900,-0.013479564
11/02/25,117100,-0.006808537
12/02/25,118000,0.007656354
13/02/25,119900,0.015973438
14/02/25,119800,-0.000834376
17/02/25,119700,-0.000835073
18/02/25,119500,-0.001672241
19/02/25,119500,0
20/02/25,120200,0.005840651
21/02/25,121800,0.013223333
24/02/25,121600,-0.001643386
25/02/25,120500,-0.009087217
26/02/25,120500,0
27/02/25,121000,0.004140793
28/02/25,121000,0
03/03/25,120800,-0.00165426
04/03/25,120200,-0.004979263
